onset,duration,sample_rate,amplitude,phase,frequency,decay,d,w,z
0,250,44100,5.2515275848441306e-05,2.7396215347395474,21534.947044276105,-20.099240310797597,(-4.8329368041734524e-05+2.0545714446678468e-05j),(135308.0628594861-126.28725140627513j),(-0.9944568399970264-0.07310711446002202j)
0,250,44100,5.2515275848441306e-05,-2.7396215347395474,-21534.947044276105,-20.099240310797597,(-4.8329368041734524e-05-2.0545714446678468e-05j),(-135308.0628594861-126.28725140627513j),(-0.9944568399970264+0.07310711446002202j)
0,250,44100,0.00010023721347463978,3.076568541608691,21293.68875028669,-68.68704666070667,(-0.00010002537988658094+6.513243716127503e-06j),(133792.19229145657-431.5734423721108j),(-0.9845178953514115-0.10650032711599904j)
0,250,44100,0.00010023721347463978,-3.076568541608691,-21293.68875028669,-68.68704666070667,(-0.00010002537988658094-6.513243716127503e-06j),(-133792.19229145657-431.5734423721108j),(-0.9845178953514115+0.10650032711599904j)
0,250,44100,0.00010854333870458817,3.0548767334194267,21929.386357443098,-109.19417202765665,(-0.00010813549037133643+9.400643557201682e-06j),(137786.39815655095-686.0872173138124j),(-0.9844174888608526-0.016918419377909708j)
0,250,44100,0.00010854333870458817,-3.0548767334194267,-21929.386357443098,-109.19417202765665,(-0.00010813549037133643-9.400643557201682e-06j),(-137786.39815655095-686.0872173138124j),(-0.9844174888608526+0.016918419377909708j)
0,250,44100,0.0001348267600751543,2.97454885810033,20880.147660438754,-94.69964173428467,(-0.00013295005209661807+2.2417378969669162e-05j),(131193.836991809-595.0153975400282j),(-0.9729256581313234-0.16368162959023427j)
0,250,44100,0.0001348267600751543,-2.97454885810033,-20880.147660438754,-94.69964173428467,(-0.00013295005209661807-2.2417378969669162e-05j),(-131193.836991809-595.0153975400282j),(-0.9729256581313234+0.16368162959023427j)
0,250,44100,0.00018858891654188566,-2.8459474085340672,20264.994987061942,-95.46963777232473,(-0.0001804068628163751-5.4946731396834955e-05j),(127328.71875277557-599.853425332828j),(-0.954759096937412-0.24818850151032432j)
0,250,44100,0.00018858891654188566,2.8459474085340672,-20264.994987061942,-95.46963777232473,(-0.0001804068628163751+5.4946731396834955e-05j),(-127328.71875277557-599.853425332828j),(-0.954759096937412+0.24818850151032432j)
0,250,44100,0.00014022743805463416,2.9905042973593665,19904.94858815976,-129.4926202647368,(-0.00013862994610740415+2.1106217700584818e-05j),(125066.48050929046-813.6261290355798j),(-0.9362278501313839-0.29538237124356087j)
0,250,44100,0.00014022743805463416,-2.9905042973593665,-19904.94858815976,-129.4926202647368,(-0.00013862994610740415-2.1106217700584818e-05j),(-125066.48050929046-813.6261290355798j),(-0.9362278501313839+0.29538237124356087j)
0,250,44100,0.00012243577609902533,3.0613844773471173,19524.21518446918,-138.69138901288392,(-0.00012204215100018474+9.809824066657428e-06j),(122674.26198126932-871.4236976780805j),(-0.9176320441551328-0.3452561726455684j)
0,250,44100,0.00012243577609902533,-3.0613844773471173,-19524.21518446918,-138.69138901288392,(-0.00012204215100018474-9.809824066657428e-06j),(-122674.26198126932-871.4236976780805j),(-0.9176320441551328+0.3452561726455684j)
0,250,44100,0.00012797687189157572,-3.0641547854422013,19142.16462722858,-139.0857096989468,(-0.00012759334904874906-9.900354421780573e-06j),(120273.7675334154-873.9012876190678j),(-0.8974384672313149-0.3946474229651181j)
0,250,44100,0.00012797687189157572,3.0641547854422013,-19142.16462722858,-139.0857096989468,(-0.00012759334904874906+9.900354421780573e-06j),(-120273.7675334154-873.9012876190678j),(-0.8974384672313149+0.3946474229651181j)
0,250,44100,0.00014389786339132803,-2.971448212309245,18767.358600579275,-147.74129368438062,(-0.00014182002425000838-2.4365463474277194e-05j),(117918.79181373015-928.2859257414045j),(-0.8740161934272384-0.4414413000606231j)
0,250,44100,0.00014389786339132803,2.971448212309245,-18767.358600579275,-147.74129368438062,(-0.00014182002425000838+2.4365463474277194e-05j),(-117918.79181373015-928.2859257414045j),(-0.8740161934272384+0.4414413000606231j)
0,250,44100,0.00014656436790184204,3.071246602554679,18432.336598264985,-150.77326619359403,(-0.00014620187563402248+1.0301723135492028e-05j),(115813.78649120711-947.3363708630666j),(-0.8515896362050809-0.4824332373172699j)
0,250,44100,0.00014656436790184204,-3.071246602554679,-18432.336598264985,-150.77326619359403,(-0.00014620187563402248-1.0301723135492028e-05j),(-115813.78649120711-947.3363708630666j),(-0.8515896362050809+0.4824332373172699j)
0,250,44100,0.00016090597661942772,3.0918652088446503,18052.875854421403,-146.41401580089777,(-0.00016070707195356724+7.998145782791438e-06j),(113429.56432083767-919.9463928453606j),(-0.8247879199705115-0.5280741441488526j)
0,250,44100,0.00016090597661942772,-3.0918652088446503,-18052.875854421403,-146.41401580089777,(-0.00016070707195356724-7.998145782791438e-06j),(-113429.56432083767-919.9463928453606j),(-0.8247879199705115+0.5280741441488526j)
0,250,44100,0.0001664598889353628,2.9896707799652904,17698.91336962284,-142.5810586111048,(-0.00016454261239851774+2.519173137052058e-05j),(111205.55243705855-895.863212547405j),(-0.797554653511263-0.5692909088477038j)
0,250,44100,0.0001664598889353628,-2.9896707799652904,-17698.91336962284,-142.5810586111048,(-0.00016454261239851774-2.519173137052058e-05j),(-111205.55243705855-895.863212547405j),(-0.797554653511263+0.5692909088477038j)
0,250,44100,0.00017425493507332575,-3.1335960358662898,17269.197268170028,-135.2769610219886,(-0.00017424936365912285-1.3934352513604305e-06j),(108505.56654215178-849.9702138932643j),(-0.7620203408383406-0.6176658435361437j)
0,250,44100,0.00017425493507332575,3.1335960358662898,-17269.197268170028,-135.2769610219886,(-0.00017424936365912285+1.3934352513604305e-06j),(-108505.56654215178-849.9702138932643j),(-0.7620203408383406+0.6176658435361437j)
0,250,44100,0.00015766912585201258,3.031260211146584,16848.552814614657,-150.72699446024515,(-0.00015671042631076505+1.7360746885893474e-05j),(105862.57949202607-947.0456369879513j),(-0.7220654385902789-0.6607426656162615j)
0,250,44100,0.00015766912585201258,-3.031260211146584,-16848.552814614657,-150.72699446024515,(-0.00015671042631076505-1.7360746885893474e-05j),(-105862.57949202607-947.0456369879513j),(-0.7220654385902789+0.6607426656162615j)
0,250,44100,0.00015929576993887386,-2.6341769305994736,16334.137413368835,-174.00552576460072,(-0.00013922500903666468-7.740503329344457e-05j),(102630.41220113143-1093.3089628521982j),(-0.6695190613302126-0.7094858926350696j)
0,250,44100,0.00015929576993887386,2.6341769305994736,-16334.137413368835,-174.00552576460072,(-0.00013922500903666468+7.740503329344457e-05j),(-102630.41220113143-1093.3089628521982j),(-0.6695190613302126+0.7094858926350696j)
0,250,44100,0.00013621181714890352,3.124889992574409,16025.051206832199,-234.41976644754365,(-0.00013619281748018287+2.2749940254686185e-06j),(100688.36628956857-1472.9028322556765j),(-0.6321712653490534-0.7319448934462548j)
0,250,44100,0.00013621181714890352,-3.124889992574409,-16025.051206832199,-234.41976644754365,(-0.00013619281748018287-2.2749940254686185e-06j),(-100688.36628956857-1472.9028322556765j),(-0.6321712653490534+0.7319448934462548j)
0,250,44100,0.00017978313476321462,-2.7740185992122925,15645.27287211133,-239.83680760635897,(-0.00016777395587434004-6.460553595136555e-05j),(98302.14863686528-1506.939105673132j),(-0.5912039249162597-0.7644730307610402j)
0,250,44100,0.00017978313476321462,2.7740185992122925,-15645.27287211133,-239.83680760635897,(-0.00016777395587434004+6.460553595136555e-05j),(-98302.14863686528-1506.939105673132j),(-0.5912039249162597+0.7644730307610402j)
0,250,44100,0.00016815436807132494,3.1339134472434793,15046.604521544052,-125.03927166852742,(-0.0001681494100464817+1.2912793991968515e-06j),(94540.60445270751-785.6449145681282j),(-0.5325670778403643-0.825451049181443j)
0,250,44100,0.00016815436807132494,-3.1339134472434793,-15046.604521544052,-125.03927166852742,(-0.0001681494100464817-1.2912793991968515e-06j),(-94540.60445270751-785.6449145681282j),(-0.5325670778403643+0.825451049181443j)
0,250,44100,8.833655749199398e-05,-3.1297588119813398,14821.459453566436,-92.06282957384835,(-8.833037224693563e-05-1.0453364310789516e-06j),(93125.97626960662-578.4478181157822j),(-0.5082011449262913-0.8460728355615109j)
0,250,44100,8.833655749199398e-05,3.1297588119813398,-14821.459453566436,-92.06282957384835,(-8.833037224693563e-05+1.0453364310789516e-06j),(-93125.97626960662-578.4478181157822j),(-0.5082011449262913+0.8460728355615109j)
0,250,44100,0.00014845409821315515,-3.0432344674108682,14547.79799212369,-139.45300832904584,(-0.00014773657977745856-1.4578143638328699e-05j),(91406.51059592825-876.2090929750533j),(-0.471639487663409-0.8594172411671777j)
0,250,44100,0.00014845409821315515,3.0432344674108682,-14547.79799212369,-139.45300832904584,(-0.00014773657977745856+1.4578143638328699e-05j),(-91406.51059592825-876.2090929750533j),(-0.471639487663409+0.8594172411671777j)
0,250,44100,0.00018218830560318155,-2.8503696470285957,14110.44256378066,-168.33141082765155,(-0.00017451698232802792-5.2310625858204575e-05j),(88658.5253945481-1057.6574472491109j),(-0.4154932064761786-0.8834768138393471j)
0,250,44100,0.00018218830560318155,2.8503696470285957,-14110.44256378066,-168.33141082765155,(-0.00017451698232802792+5.2310625858204575e-05j),(-88658.5253945481-1057.6574472491109j),(-0.4154932064761786+0.8834768138393471j)
0,250,44100,0.0001575131393067301,-2.8808118042746953,13777.569768465813,-260.5315253412684,(-0.0001521874534754672-4.061241262119099e-05j),(86567.02393786605-1636.9678520813434j),(-0.3682720124534413-0.8904075364726648j)
0,250,44100,0.0001575131393067301,2.8808118042746953,-13777.569768465813,-260.5315253412684,(-0.0001521874534754672+4.061241262119099e-05j),(-86567.02393786605-1636.9678520813434j),(-0.3682720124534413+0.8904075364726648j)
0,250,44100,0.0001623865002403691,3.13883347559366,13486.306046992455,-288.04830909215576,(-0.0001623858821114155+4.480526898229194e-07j),(84736.9600025902-1809.860903445757j),(-0.3297201910336446-0.901378380525793j)
0,250,44100,0.0001623865002403691,-3.13883347559366,-13486.306046992455,-288.04830909215576,(-0.0001623858821114155-4.480526898229194e-07j),(-84736.9600025902-1809.860903445757j),(-0.3297201910336446+0.901378380525793j)
0,250,44100,0.00019536385624546377,-3.017860031542446,13143.631985012407,-284.2738315490919,(-0.00019387027618689203-2.4111249206883502e-05j),(82583.87537120562-1786.1451616048987j),(-0.28549046767407066-0.9168887088363348j)
0,250,44100,0.00019536385624546377,3.017860031542446,-13143.631985012407,-284.2738315490919,(-0.00019387027618689203+2.4111249206883502e-05j),(-82583.87537120562-1786.1451616048987j),(-0.28549046767407066+0.9168887088363348j)
0,250,44100,0.00016765239509515382,-3.0964183521470705,12827.426375874786,-314.3608601606337,(-0.00016748135859535128-7.571004173615635e-06j),(80597.09693382434-1975.1875377136303j),(-0.24286408807727589-0.9248428437444618j)
0,250,44100,0.00016765239509515382,3.0964183521470705,-12827.426375874786,-314.3608601606337,(-0.00016748135859535128+7.571004173615635e-06j),(-80597.09693382434-1975.1875377136303j),(-0.24286408807727589+0.9248428437444618j)
0,250,44100,0.00019768067890853783,-3.1372964346408168,12511.26697274864,-298.2892550359387,(-0.0001976788545660495-8.492768659802339e-07j),(78610.60881737547-1874.2066645313544j),(-0.20143291862846008-0.9369839213526502j)
0,250,44100,0.00019768067890853783,3.1372964346408168,-12511.26697274864,-298.2892550359387,(-0.0001976788545660495+8.492768659802339e-07j),(-78610.60881737547-1874.2066645313544j),(-0.20143291862846008+0.9369839213526502j)
0,250,44100,0.00019485083368629813,-3.1373677325713794,12184.444991828725,-293.02157390007454,(-0.000194849094649324-8.23226933597316e-07j),(76557.12574879614-1841.1088478155857j),(-0.1577187269311504-0.9460542529976723j)
0,250,44100,0.00019485083368629813,3.1373677325713794,-12184.444991828725,-293.02157390007454,(-0.000194849094649324+8.23226933597316e-07j),(-76557.12574879614-1841.1088478155857j),(-0.1577187269311504+0.9460542529976723j)
0,250,44100,0.00022427030574381944,3.1135774383344663,11857.72145199973,-269.00972799337853,(-0.00022418230196882534+6.2821590543904725e-06j),(74504.2612038329-1690.2379704163732j),(-0.11391379411120958-0.9556323503271384j)
0,250,44100,0.00022427030574381944,-3.1135774383344663,-11857.72145199973,-269.00972799337853,(-0.00022418230196882534-6.2821590543904725e-06j),(-74504.2612038329-1690.2379704163732j),(-0.11391379411120958+0.9556323503271384j)
0,250,44100,0.00021000658454512045,-3.0647533708396772,11520.127008312431,-272.1968100541428,(-0.000209386921171042-1.6120880708530113e-05j),(72383.09275547139-1710.2629975933428j),(-0.06780395886597496-0.9595683382935967j)
0,250,44100,0.00021000658454512045,3.0647533708396772,-11520.127008312431,-272.1968100541428,(-0.000209386921171042+1.6120880708530113e-05j),(-72383.09275547139-1710.2629975933428j),(-0.06780395886597496+0.9595683382935967j)
0,250,44100,0.00019242745885225283,3.0553178475397704,11231.235577271129,-270.05742403550875,(-0.00019171175124706093+1.65810540714543e-05j),(70567.9343605826-1696.8208387946756j),(-0.02827041388295265-0.9618387875710567j)
0,250,44100,0.00019242745885225283,-3.0553178475397704,-11231.235577271129,-270.05742403550875,(-0.00019171175124706093-1.65810540714543e-05j),(-70567.9343605826-1696.8208387946756j),(-0.02827041388295265+0.9618387875710567j)
0,250,44100,0.000261335099579823,2.9931318236733997,10930.218920283472,-215.42439825282628,(-0.0002584603918790737+3.865566067358873e-05j),(68676.59092418144-1353.5514139101617j),(0.013095437972301727-0.9696850433230504j)
0,250,44100,0.000261335099579823,-2.9931318236733997,-10930.218920283472,-215.42439825282628,(-0.0002584603918790737-3.865566067358873e-05j),(-68676.59092418144-1353.5514139101617j),(0.013095437972301727+0.9696850433230504j)
0,250,44100,0.00022131536347786576,-3.1169420211177985,10602.687514159541,-210.93148873178816,(-0.00022124812533509187-5.455011186725938e-06j),(66618.65040558368-1325.3216308210879j),(0.05835276258993019-0.9686383928478219j)
0,250,44100,0.00022131536347786576,3.1169420211177985,-10602.687514159541,-210.93148873178816,(-0.00022124812533509187+5.455011186725938e-06j),(-66618.65040558368-1325.3216308210879j),(0.05835276258993019+0.9686383928478219j)
0,250,44100,0.00019427976593623016,3.086178228894572,10329.510787308882,-188.59701780653728,(-0.000193981549142748+1.076039239135869e-05j),(64902.2304091722-1184.9900112599219j),(0.09630548186164023-0.9687118952750046j)
0,250,44100,0.00019427976593623016,-3.086178228894572,-10329.510787308882,-188.59701780653728,(-0.000193981549142748-1.076039239135869e-05j),(-64902.2304091722-1184.9900112599219j),(0.09630548186164023+0.9687118952750046j)
0,250,44100,0.00020298339304205583,-3.0049509350193118,10110.230166766272,-188.0525755390354,(-0.00020109139225104868-2.764977058495417e-05j),(63524.44963602966-1181.5691796041465j),(0.1265280615575529-0.9653057367395774j)
0,250,44100,0.00020298339304205583,3.0049509350193118,-10110.230166766272,-188.0525755390354,(-0.00020109139225104868+2.764977058495417e-05j),(-63524.44963602966-1181.5691796041465j),(0.1265280615575529+0.9653057367395774j)
0,250,44100,0.00025660826554259954,-2.8746078029901634,9824.150425037687,-242.10960937575922,(-0.00024751682699685265-6.769949998479588e-05j),(61726.957606118885-1521.2195403567594j),(0.16448568667878138-0.9519878643359827j)
0,250,44100,0.00025660826554259954,2.8746078029901634,-9824.150425037687,-242.10960937575922,(-0.00024751682699685265+6.769949998479588e-05j),(-61726.957606118885-1521.2195403567594j),(0.16448568667878138+0.9519878643359827j)
0,250,44100,0.0002495811671203307,3.1413783123831927,9553.27608494919,-276.0157522760329,(-0.00024958116138718266+5.349552809576414e-08j),(60025.00393238287-1734.2581192508906j),(0.20012510214110169-0.9403787877900598j)
0,250,44100,0.0002495811671203307,-3.1413783123831927,-9553.27608494919,-276.0157522760329,(-0.00024958116138718266-5.349552809576414e-08j),(-60025.00393238287-1734.2581192508906j),(0.20012510214110169+0.9403787877900598j)
0,250,44100,0.0002823892234885846,3.0860009390453116,9256.416025414204,-258.5312524567519,(-0.0002819529825578994+1.5690416476010577e-05j),(58159.77716802419-1624.3997668829998j),(0.2403058438845999-0.9333982576351096j)
0,250,44100,0.0002823892234885846,-3.0860009390453116,-9256.416025414204,-258.5312524567519,(-0.0002819529825578994-1.5690416476010577e-05j),(-58159.77716802419-1624.3997668829998j),(0.2403058438845999+0.9333982576351096j)
0,250,44100,0.0003423403568587202,3.076437590493488,8935.235992549578,-212.98072579515758,(-0.00034161396528262754+2.2289429289141334e-05j),(56141.74350456972-1338.1973670285784j),(0.28459304465799395-0.9274278788000913j)
0,250,44100,0.0003423403568587202,-3.076437590493488,-8935.235992549578,-212.98072579515758,(-0.00034161396528262754-2.2289429289141334e-05j),(-56141.74350456972-1338.1973670285784j),(0.28459304465799395+0.9274278788000913j)
0,250,44100,0.0004572829831919088,-2.9632592254954897,8592.831324568147,-168.03773354286494,(-0.00045003079152447685-8.111728173912383e-05j),(53990.351525599086-1055.8122184482872j),(0.33159705405992823-0.9183077081691928j)
0,250,44100,0.0004572829831919088,2.9632592254954897,-8592.831324568147,-168.03773354286494,(-0.00045003079152447685+8.111728173912383e-05j),(-53990.351525599086-1055.8122184482872j),(0.33159705405992823+0.9183077081691928j)
0,250,44100,0.00012267982309024404,0.650679197153491,8608.791074021658,-106.52915331930625,(9.761297062544426e-05+7.431047677905004e-05j),(54090.62958887165-669.3424109221464j),(0.332408407923406-0.9271489048983964j)
0,250,44100,0.00012267982309024404,-0.650679197153491,-8608.791074021658,-106.52915331930625,(9.761297062544426e-05-7.431047677905004e-05j),(-54090.62958887165-669.3424109221464j),(0.332408407923406+0.9271489048983964j)
0,250,44100,0.0003050952972929979,-3.0792550032810952,8314.242648062651,-193.77188655832495,(-0.0003045026917195419-1.900660847853725e-05j),(52239.927246633146-1217.5046705677369j),(0.36642994523591477-0.9011160709644634j)
0,250,44100,0.0003050952972929979,3.0792550032810952,-8314.242648062651,-193.77188655832495,(-0.0003045026917195419+1.900660847853725e-05j),(-52239.927246633146-1217.5046705677369j),(0.36642994523591477+0.9011160709644634j)
0,250,44100,0.00037911106512256143,-2.8172983427583453,7998.227800795697,-231.62114630356072,(-0.0003593502129312187-0.00012079993445631839j),(50254.34740143482-1455.318583286626j),(0.4044303508296606-0.8789574316586125j)
0,250,44100,0.00037911106512256143,2.8172983427583453,-7998.227800795697,-231.62114630356072,(-0.0003593502129312187+0.00012079993445631839j),(-50254.34740143482-1455.318583286626j),(0.4044303508296606+0.8789574316586125j)
0,250,44100,0.0003923679607872218,-2.985512093948007,7703.015149357645,-280.53078158764845,(-0.00038759838964809706-6.09926634483584e-05j),(48399.47160742572-1762.6268850831184j),(0.43796869054569865-0.8551942816134375j)
0,250,44100,0.0003923679607872218,2.985512093948007,-7703.015149357645,-280.53078158764845,(-0.00038759838964809706+6.09926634483584e-05j),(-48399.47160742572-1762.6268850831184j),(0.43796869054569865+0.8551942816134375j)
0,250,44100,0.0004578891381064417,-3.0753335895552487,7393.119559003699,-287.81942675539045,(-0.0004568843787833529-3.0317111003685032e-05j),(46452.340187354064-1808.4227933103205j),(0.4747953675419301-0.8341629523751263j)
0,250,44100,0.0004578891381064417,3.0753335895552487,-7393.119559003699,-287.81942675539045,(-0.0004568843787833529+3.0317111003685032e-05j),(-46452.340187354064-1808.4227933103205j),(0.4747953675419301+0.8341629523751263j)
0,250,44100,0.0005060529774538584,-3.092570763828622,7064.156096723739,-284.06680257714834,(-0.0005054450397031674-2.479773839242011e-05j),(44385.40179455769-1784.8443602102225j),(0.5136308704305699-0.8114354225985587j)
0,250,44100,0.0005060529774538584,3.092570763828622,-7064.156096723739,-284.06680257714834,(-0.0005054450397031674+2.479773839242011e-05j),(-44385.40179455769-1784.8443602102225j),(0.5136308704305699+0.8114354225985587j)
0,250,44100,0.0005139951010042492,2.903847404094521,6744.783676161889,-251.73707562719693,(-0.0004995371720334341+0.00012105196245087285j),(42378.7256941651-1581.71069485316j),(0.5525484138454884-0.7908664322245375j)
0,250,44100,0.0005139951010042492,-2.903847404094521,-6744.783676161889,-251.73707562719693,(-0.0004995371720334341-0.00012105196245087285j),(-42378.7256941651-1581.71069485316j),(0.5525484138454884+0.7908664322245375j)
0,250,44100,0.00026998918175957765,-2.6005502579654944,6580.51244760674,-195.48166407134406,(-0.00023142724314262835-0.00013905246994789066j),(41346.57912451505-1228.2475195160846j),(0.5754995877144238-0.7839772847398935j)
0,250,44100,0.00026998918175957765,2.6005502579654944,-6580.51244760674,-195.48166407134406,(-0.00023142724314262835+0.00013905246994789066j),(-41346.57912451505-1228.2475195160846j),(0.5754995877144238+0.7839772847398935j)
0,250,44100,0.0007037284683442015,-2.8846019074695235,6289.681601558313,-280.7419128946389,(-0.0006806174779384903-0.00017886756520600456j),(39519.23502574896-1763.9534622090864j),(0.6001467226522619-0.7502947460621638j)
0,250,44100,0.0007037284683442015,2.8846019074695235,-6289.681601558313,-280.7419128946389,(-0.0006806174779384903+0.00017886756520600456j),(-39519.23502574896-1763.9534622090864j),(0.6001467226522619+0.7502947460621638j)
0,250,44100,0.0006758874882325618,-2.916618710586324,5955.526964851938,-338.3573102355986,(-0.0006588550696066083-0.00015077763097685518j),(37419.679522069535-2125.961680249118j),(0.6299812907539943-0.7149896536873526j)
0,250,44100,0.0006758874882325618,2.916618710586324,-5955.526964851938,-338.3573102355986,(-0.0006588550696066083+0.00015077763097685518j),(-37419.679522069535-2125.961680249118j),(0.6299812907539943+0.7149896536873526j)
0,250,44100,0.0007692916106087726,-2.9674897339765893,5633.078776974706,-362.73485959457753,(-0.0007576617151739989-0.00013326029983694928j),(35393.677805672625-2279.1303402064996j),(0.6598566320353425-0.6829273458795782j)
0,250,44100,0.0007692916106087726,2.9674897339765893,-5633.078776974706,-362.73485959457753,(-0.0007576617151739989+0.00013326029983694928j),(-35393.677805672625-2279.1303402064996j),(0.6598566320353425+0.6829273458795782j)
0,250,44100,0.0008601004835800083,-2.9231841131492016,5301.444616995821,-384.5688196220872,(-0.0008396675210249161-0.00018636334400958855j),(33309.95892433445-2416.317157048895j),(0.6892290044246205-0.6489766309128426j)
0,250,44100,0.0008601004835800083,2.9231841131492016,-5301.444616995821,-384.5688196220872,(-0.0008396675210249161+0.00018636334400958855j),(-33309.95892433445-2416.317157048895j),(0.6892290044246205+0.6489766309128426j)
0,250,44100,0.0009444070023960947,-2.9149909034474923,4978.735969829945,-408.780554067333,(-0.0009202637059068862-0.0002121775147495637j),(31282.32069396202-2568.443971176597j),(0.7158552098999716-0.6144890523706654j)
0,250,44100,0.0009444070023960947,2.9149909034474923,-4978.735969829945,-408.780554067333,(-0.0009202637059068862+0.0002121775147495637j),(-31282.32069396202-2568.443971176597j),(0.7158552098999716+0.6144890523706654j)
0,250,44100,0.0010732279613058801,-2.9030720757024917,4659.736331992465,-428.9252401347763,(-0.001042843347584761-0.0002535665777009756j),(29277.986856505955-2695.016766693302j),(0.7409051813387441-0.5796641528269247j)
0,250,44100,0.0010732279613058801,2.9030720757024917,-4659.736331992465,-428.9252401347763,(-0.001042843347584761+0.0002535665777009756j),(-29277.986856505955-2695.016766693302j),(0.7409051813387441+0.5796641528269247j)
0,250,44100,0.0012280167729151795,-2.844591127898412,4338.443265105174,-453.0516310560244,(-0.0011742521145366824-0.0003593844265784781j),(27259.24297934106-2846.607351644959j),(0.764023973949071-0.5432820068639463j)
0,250,44100,0.0012280167729151795,2.844591127898412,-4338.443265105174,-453.0516310560244,(-0.0011742521145366824+0.0003593844265784781j),(-27259.24297934106-2846.607351644959j),(0.764023973949071+0.5432820068639463j)
0,250,44100,0.0013716502748100073,-2.812860235965987,4025.4902969588834,-483.762489604596,(-0.0012982016048713125-0.0004428284876743107j),(25292.901488046045-3039.569366848215j),(0.784042443424591-0.5064659191747694j)
0,250,44100,0.0013716502748100073,2.812860235965987,-4025.4902969588834,-483.762489604596,(-0.0012982016048713125+0.0004428284876743107j),(-25292.901488046045-3039.569366848215j),(0.784042443424591+0.5064659191747694j)
0,250,44100,0.0015761707069606948,-2.790244559264895,3718.385523424586,-510.5481048310192,(-0.0014798818092822525-0.0005424609921795884j),(23363.305287210635-3207.868350882643j),(0.8023774257708296-0.46988966973048546j)
0,250,44100,0.0015761707069606948,2.790244559264895,-3718.385523424586,-510.5481048310192,(-0.0014798818092822525+0.0005424609921795884j),(-23363.305287210635-3207.868350882643j),(0.8023774257708296+0.46988966973048546j)
0,250,44100,0.0018392557125914586,-2.7975336282672987,3415.6673413774415,-529.5133947304472,(-0.0017314629504502623-0.000620401182718398j),(21461.2708535559-3327.0307817251305j),(0.8196734929340166-0.43368341803368665j)
0,250,44100,0.0018392557125914586,2.7975336282672987,-3415.6673413774415,-529.5133947304472,(-0.0017314629504502623+0.000620401182718398j),(-21461.2708535559-3327.0307817251305j),(0.8196734929340166+0.43368341803368665j)
0,250,44100,0.0022791011068516607,-2.793167044834061,3107.7766803631002,-535.2514928201794,(-0.002142153120549586-0.000778127151159846j),(19526.73677605278-3363.0843153336905j),(0.837218509072335-0.39699644568806713j)
0,250,44100,0.0022791011068516607,2.793167044834061,-3107.7766803631002,-535.2514928201794,(-0.002142153120549586+0.000778127151159846j),(-19526.73677605278-3363.0843153336905j),(0.837218509072335+0.39699644568806713j)
0,250,44100,0.0029109824100962936,-2.768854480240689,2789.959621340955,-534.1679683966089,(-0.002711095977880428-0.001060083577181815j),(17529.83330043381-3356.2763305955423j),(0.8544625968617263-0.35874754032367956j)
0,250,44100,0.0029109824100962936,2.768854480240689,-2789.959621340955,-534.1679683966089,(-0.002711095977880428+0.001060083577181815j),(-17529.83330043381-3356.2763305955423j),(0.8544625968617263+0.35874754032367956j)
0,250,44100,0.0037783250405759917,-2.7130840259537528,2462.0188933238223,-532.4015459814298,(-0.0034367132537336084-0.0015699497201679177j),(15469.320936530787-3345.1775712302165j),(0.8705050247465911-0.31852710038170684j)
0,250,44100,0.0037783250405759917,2.7130840259537528,-2462.0188933238223,-532.4015459814298,(-0.0034367132537336084+0.0015699497201679177j),(-15469.320936530787-3345.1775712302165j),(0.8705050247465911+0.31852710038170684j)
0,250,44100,0.005266303508667649,-2.6469639765993285,2125.719357563671,-527.914618880247,(-0.0046351109088608065-0.0024999399008705657j),(13356.288634631286-3316.985376793679j),(0.8853279995545804-0.27664441707321513j)
0,250,44100,0.005266303508667649,2.6469639765993285,-2125.719357563671,-527.914618880247,(-0.0046351109088608065+0.0024999399008705657j),(-13356.288634631286-3316.985376793679j),(0.8853279995545804+0.27664441707321513j)
0,250,44100,0.007472356640598341,-2.4873361947317494,1776.6888584578994,-534.1876444067502,(-0.0059293198050158966-0.00454744768129776j),(11163.265330892345-3356.3999586133664j),(0.8971827549539577-0.23208708768772926j)
0,250,44100,0.007472356640598341,2.4873361947317494,-1776.6888584578994,-534.1876444067502,(-0.0059293198050158966+0.00454744768129776j),(-11163.265330892345-3356.3999586133664j),(0.8971827549539577+0.23208708768772926j)
0,250,44100,0.01083058439087616,-2.283767134197234,1431.6773340400784,-552.9638192165006,(-0.007084110209860075-0.008192492952846929j),(8995.493989862662-3474.3741443030253j),(0.9050784167582957-0.18722124394473771j)
0,250,44100,0.01083058439087616,2.283767134197234,-1431.6773340400784,-552.9638192165006,(-0.007084110209860075+0.008192492952846929j),(-8995.493989862662-3474.3741443030253j),(0.9050784167582957+0.18722124394473771j)
0,250,44100,0.02930494684445238,-0.15159315669841783,132.08002861095324,-675.9273091479989,(0.02896887023692618-0.004425434075015925j),(829.8832951402007-4246.976537560141j),(0.9080276984799365-0.017089478056198856j)
0,250,44100,0.02930494684445238,0.15159315669841783,-132.08002861095324,-675.9273091479989,(0.02896887023692618+0.004425434075015925j),(-829.8832951402007-4246.976537560141j),(0.9080276984799365+0.017089478056198856j)
0,250,44100,0.01639461573640766,-1.9911307979707296,1094.4020811989792,-576.3496943751081,(-0.006690082513701039-0.01496750550707556j),(6876.331076736187-3621.311931495124j),(0.9099897553039826-0.14305216875936597j)
0,250,44100,0.01639461573640766,1.9911307979707296,-1094.4020811989792,-576.3496943751081,(-0.006690082513701039+0.01496750550707556j),(-6876.331076736187-3621.311931495124j),(0.9099897553039826+0.14305216875936597j)
0,250,44100,0.0333316359291057,-0.7967335508215486,431.27480574556085,-632.1424904969901,(0.023300353288531618-0.023834669923035727j),(2709.779522817238-3971.8684083345997j),(0.9121470589091201-0.05611865986675618j)
0,250,44100,0.0333316359291057,0.7967335508215486,-431.27480574556085,-632.1424904969901,(0.023300353288531618+0.023834669923035727j),(-2709.779522817238-3971.8684083345997j),(0.9121470589091201+0.05611865986675618j)
0,250,44100,0.025606178332838833,-1.5318859200292936,762.1346103379948,-599.2390108854297,(0.0009960954188816835-0.025586796648459684j),(4788.632985768728-3765.1297486841604j),(0.9127583139742116-0.09950396254475624j)
0,250,44100,0.025606178332838833,1.5318859200292936,-762.1346103379948,-599.2390108854297,(0.0009960954188816835+0.025586796648459684j),(-4788.632985768728-3765.1297486841604j),(0.9127583139742116+0.09950396254475624j)
0,250,44100,0.4999054798596971,-1.5707939990512088,-439.999949109282,0.00012968938839102412,(1.1636518252571698e-06-0.4999054798583427j),(-2764.6012154032064+0.0008148624596355895j),(0.9980356833272399+0.06264831809987878j)
0,250,44100,0.4999054798596971,1.5707939990512088,439.999949109282,0.00012968938839102412,(1.1636518252571698e-06+0.4999054798583427j),(2764.6012154032064+0.0008148624596355895j),(0.9980356833272399-0.06264831809987878j)
250,250,44100,0.4999081477478252,-1.5351778531869518,440.0000060931915,-1.793618123173693e-05,(0.017802200406665296-0.4995910706221063j),(2764.601573443669-0.00011269635038215972j),(0.998035661826845-0.06264832488507496j)
250,250,44100,0.4999081477478252,1.5351778531869518,-440.0000060931915,-1.793618123173693e-05,(0.017802200406665296+0.4995910706221063j),(-2764.601573443669-0.00011269635038215972j),(0.998035661826845+0.06264832488507496j)
500,250,44100,0.49990840870892655,-1.6420334962505265,-439.999983938792,2.933182093548676e-06,(-0.03558194737470503-0.49864049386197556j),(-2764.601434243472+1.84297266334673e-05j),(0.998035664992132+0.06264832192108556j)
500,250,44100,0.49990840870892655,1.6420334962505265,439.999983938792,2.933182093548676e-06,(-0.03558194737470503+0.49864049386197556j),(2764.601434243472+1.84297266334673e-05j),(0.998035664992132-0.06264832192108556j)
750,250,44100,4.171012959363842e-05,-2.135997773369548,20168.993233834673,-7.602923567687978,(-2.2339359158914968e-05-3.522340050431124e-05j),(126725.5219474345-47.7705776521065j),(-0.9632589480050466-0.2645147974601935j)
750,250,44100,4.171012959363842e-05,2.135997773369548,-20168.993233834673,-7.602923567687978,(-2.2339359158914968e-05+3.522340050431124e-05j),(-126725.5219474345-47.7705776521065j),(-0.9632589480050466+0.2645147974601935j)
750,250,44100,0.4999079318101643,1.463939964428666,-439.9999827756731,4.836483382905623e-05,(0.05331674351406422+0.4970566015533557j),(-2764.6014269353805+0.0003038852132989083j),(0.9980356714627125+0.0626483221612119j)
750,250,44100,0.4999079318101643,-1.463939964428666,439.9999827756731,4.836483382905623e-05,(0.05331674351406422-0.4970566015533557j),(2764.6014269353805+0.0003038852132989083j),(0.9980356714627125-0.0626483221612119j)
1000,250,44100,0.49990855054515115,-1.713272432286154,-440.00002406084155,2.395766378132668e-06,(-0.07098429648880103-0.49484319593194764j),(-2764.601686337744+1.5053044106518032e-05j),(0.9980356645575894+0.0626483276214831j)
1000,250,44100,0.49990855054515115,1.713272432286154,440.00002406084155,2.395766378132668e-06,(-0.07098429648880103+0.49484319593194764j),(2764.601686337744+1.5053044106518032e-05j),(0.9980356645575894-0.0626483276214831j)
1250,250,44100,4.778150443373471e-05,-1.5594103429094107e-12,-22050.0,-16.603836078941278,(4.778150443373471e-05-7.451097221373777e-17j),(-138544.23602330987-104.32497889402214j),(-0.9976371501549032+0j)
1250,250,44100,4.048944849071326e-05,-2.1437958206244896,21619.76126263973,-3.8705761930354305,(-2.195155266287838e-05-3.4022415769180756e-05j),(135840.96631014833-24.319547466399314j),(-0.9975715508414508-0.06122647817599657j)
1250,250,44100,4.048944849071326e-05,2.1437958206244896,-21619.76126263973,-3.8705761930354305,(-2.195155266287838e-05+3.4022415769180756e-05j),(-135840.96631014833-24.319547466399314j),(-0.9975715508414508+0.06122647817599657j)
1250,250,44100,0.49990858286433243,-1.39270199610399,439.99997956692306,-2.843488984525406e-05,(0.08856098943039709-0.4920015674492656j),(2764.601406774209-0.00017866168208697034j),(0.9980356605707409-0.0626483210194359j)
1250,250,44100,0.49990858286433243,1.39270199610399,-439.99997956692306,-2.843488984525406e-05,(0.08856098943039709+0.4920015674492656j),(-2764.601406774209-0.00017866168208697034j),(0.9980356605707409+0.0626483210194359j)
1500,250,44100,0.499908549932873,1.7845104459664627,440.0000202769704,-1.3665629177434227e-05,(-0.10602609278991341+0.4885355933232423j),(2764.6016625629804-8.586368046101939e-05j),(0.9980356623074977-0.06264832694006982j)
1500,250,44100,0.499908549932873,-1.7845104459664627,-440.0000202769704,-1.3665629177434227e-05,(-0.10602609278991341-0.4885355933232423j),(-2764.6016625629804-8.586368046101939e-05j),(0.9980356623074977+0.06264832694006982j)
1750,250,44100,0.4999080546209713,1.3214632853264643,-440.00004930007935,3.436428345321953e-05,(0.12335615170640932+0.48444950501688966j),(-2764.601844920552+0.00021591716088502355j),(0.998035668878102+0.06264833149574842j)
1750,250,44100,0.4999080546209713,-1.3214632853264643,440.00004930007935,3.436428345321953e-05,(0.12335615170640932-0.48444950501688966j),(2764.601844920552+0.00021591716088502355j),(0.998035668878102-0.06264833149574842j)
2000,250,44100,0.4999087882709233,1.8557470693826748,439.9999719542978,-1.4925833312787725e-05,(-0.1405294497066799+0.47975021662907097j),(2764.601358942674-9.378177656831944e-05j),(0.9980356625596238-0.06264832005753128j)
2000,250,44100,0.4999087882709233,-1.8557470693826748,-439.9999719542978,-1.4925833312787725e-05,(-0.1405294497066799-0.47975021662907097j),(-2764.601358942674-9.378177656831944e-05j),(0.9980356625596238+0.06264832005753128j)
2250,250,44100,6.663654531771262e-05,1.66897370387732,21953.924737772977,-31.152715963330085,(-6.5316964757213905e-06+6.631565511271541e-05j),(137940.57734730162-195.73828721953453j),(-0.9954780558552135-0.013627358288324554j)
2250,250,44100,6.663654531771262e-05,-1.66897370387732,-21953.924737772977,-31.152715963330085,(-6.5316964757213905e-06-6.631565511271541e-05j),(-137940.57734730162-195.73828721953453j),(-0.9954780558552135+0.013627358288324554j)
2250,250,44100,0.4999087933345404,-1.2502252401564404,440.00001746956184,-2.5827484735568764e-05,(0.1575255624720385-0.4744412490720681j),(2764.601644923512-0.0001622788726119307j),(0.9980356606031893-0.06264832643231238j)
2250,250,44100,0.4999087933345404,1.2502252401564404,-440.00001746956184,-2.5827484735568764e-05,(0.1575255624720385+0.4744412490720681j),(-2764.601644923512-0.0001622788726119307j),(0.9980356606031893+0.06264832643231238j)
2500,250,44100,0.4999084022788672,-1.9269860815081614,-440.0000261887608,2.647606264007886e-06,(-0.17432090349969037-0.4685302906665281j),(-2764.601699707855+1.6635400777210985e-05j),(0.9980356645744065+0.06264832792631257j)
2500,250,44100,0.4999084022788672,1.9269860815081614,440.0000261887608,2.647606264007886e-06,(-0.17432090349969037+0.4685302906665281j),(2764.601699707855+1.6635400777210985e-05j),(0.9980356645744065-0.06264832792631257j)
2750,250,44100,0.4999083805669413,1.178988507473756,-439.99997035604486,1.0853510061652978e-05,(0.19089494492265813+0.4620254419012411j),(-2764.6013489005545+6.81946149507038e-05j),(0.9980356662396088+0.06264832006036926j)
2750,250,44100,0.4999083805669413,-1.178988507473756,439.99997035604486,1.0853510061652978e-05,(0.19089494492265813-0.4620254419012411j),(2764.6013489005545+6.81946149507038e-05j),(0.9980356662396088-0.06264832006036926j)
3000,250,44100,0.49990837263618243,-1.998224438892727,-440.00002156401473,7.943952336742515e-06,(-0.2072278516929054-0.45493405952346483j),(-2764.6016706497185+4.991332460315551e-05j),(0.9980356653688055+0.06264832731596676j)
3000,250,44100,0.49990837263618243,1.998224438892727,440.00002156401473,7.943952336742515e-06,(-0.2072278516929054+0.45493405952346483j),(2764.6016706497185+4.991332460315551e-05j),(0.9980356653688055-0.06264832731596676j)
3250,250,44100,0.49990867212037876,-1.1077501795579356,439.9999472931074,-3.348062949557277e-05,(0.2232969815117132-0.44726629485007924j),(2764.601203991845-0.00021036499932170633j),(0.9980356601413289-0.06264831638519124j)
3250,250,44100,0.49990867212037876,1.1077501795579356,-439.9999472931074,-3.348062949557277e-05,(0.2232969815117132+0.44726629485007924j),(-2764.601203991845-0.00021036499932170633j),(0.9980356601413289+0.06264831638519124j)
3250,250,44100,9.527251793629946e-06,1.9723944928599249,-19589.788280920788,55.30127763361826,(-3.724106051134909e-06+8.769239468684008e-06j),(-123086.26989744035+347.46817509580933j),(-0.9466232433246209+0.34610322762867607j)
3250,250,44100,9.527251793629946e-06,-1.9723944928599249,19589.788280920788,55.30127763361826,(-3.724106051134909e-06-8.769239468684008e-06j),(123086.26989744035+347.46817509580933j),(-0.9466232433246209-0.34610322762867607j)
3500,250,44100,5.9306970046818246e-05,1.0792999536470351,21518.679191772037,-35.261953334862646,(2.7989667120085708e-05+5.2286663984624126e-05j),(135205.84892765316-221.5573870960612j),(-0.9921390678424403-0.07524910654504689j)
3500,250,44100,5.9306970046818246e-05,-1.0792999536470351,-21518.679191772037,-35.261953334862646,(2.7989667120085708e-05-5.2286663984624126e-05j),(-135205.84892765316-221.5573870960612j),(-0.9921390678424403+0.07524910654504689j)
3500,250,44100,0.49990811401412655,-2.0694618389688135,-439.99998848489724,3.0495541890149643e-05,(-0.2390830495668883-0.43903008765568424j),(-2764.6014628074936+0.00019160914073866782j),(0.998035668870811+0.06264832281354162j)
3500,250,44100,0.49990811401412655,2.0694618389688135,439.99998848489724,3.0495541890149643e-05,(-0.2390830495668883+0.43903008765568424j),(2764.6014628074936+0.00019160914073866782j),(0.998035668870811-0.06264832281354162j)
3750,250,44100,5.083282189623325e-05,-2.711321855636971,19269.257991406117,-28.059212466628434,(-4.6199553965524524e-05-2.1203230775538863e-05j),(121072.31869185573-176.30123150135006j),(-0.9188578031199688-0.38436531594061457j)
3750,250,44100,5.083282189623325e-05,2.711321855636971,-19269.257991406117,-28.059212466628434,(-4.6199553965524524e-05+2.1203230775538863e-05j),(-121072.31869185573-176.30123150135006j),(-0.9188578031199688+0.38436531594061457j)
3750,250,44100,0.49990871306643564,-1.0365121198985083,440.0000043040498,-7.4894129187156025e-06,(0.2545660816580648-0.43023811020061825j),(2764.6015622021605-4.7057369210274855e-05j),(0.9980356633283032-0.06264832472391274j)
3750,250,44100,0.49990871306643564,1.0365121198985083,-440.0000043040498,-7.4894129187156025e-06,(0.2545660816580648+0.43023811020061825j),(-2764.6015622021605-4.7057369210274855e-05j),(0.9980356633283032+0.06264832472391274j)
4000,250,44100,0.49990883949506054,2.140699793380235,439.9999913111715,-4.567326533430849e-05,(-0.26972620160085375+0.42089977901547276j),(2764.6014805654986-0.0002869735896794418j),(0.9980356580146854-0.06264832253555336j)
4000,250,44100,0.49990883949506054,-2.140699793380235,-439.9999913111715,-4.567326533430849e-05,(-0.26972620160085375-0.42089977901547276j),(-2764.6014805654986-0.0002869735896794418j),(0.9980356580146854+0.06264832253555336j)
4000,250,44100,1.3944903013327024e-05,2.0774184484520926,-21092.322309555537,51.209365005970504,(-6.766435682314706e-06+1.2193263230497217e-05j),(-132526.96962969555+321.75792979551034j),(-0.9979604038754563+0.1370190297347477j)
4000,250,44100,1.3944903013327024e-05,-2.0774184484520926,21092.322309555537,51.209365005970504,(-6.766435682314706e-06-1.2193263230497217e-05j),(132526.96962969555+321.75792979551034j),(-0.9979604038754563-0.1370190297347477j)
4000,250,44100,9.028087026088778e-06,2.04380157112315,-21011.820142280358,54.907561711854314,(-4.112867978110821e-06+8.0368322332411e-06j),(-132021.15959507602+344.99438500097943j),(-0.9968483463873328+0.14853423084625458j)
4000,250,44100,9.028087026088778e-06,-2.04380157112315,21011.820142280358,54.907561711854314,(-4.112867978110821e-06-8.0368322332411e-06j),(132021.15959507602+344.99438500097943j),(-0.9968483463873328-0.14853423084625458j)
4250,160,44100,2.78811542108254e-05,-2.727796870382375,-21906.867540597257,48.38791120246486,(-2.5528017832916056e-05-1.1210667493514684e-05j),(-137644.90825741008+304.03021271243773j),(-1.006708561390029+0.02053257339724971j)
4250,160,44100,2.78811542108254e-05,2.727796870382375,21906.867540597257,48.38791120246486,(-2.5528017832916056e-05+1.1210667493514684e-05j),(137644.90825741008+304.03021271243773j),(-1.006708561390029-0.02053257339724971j)
4250,160,44100,1.6454805224868532e-05,1.7724960637111649,-21697.174478590845,67.43590092737313,(-3.296471732050511e-06+1.612122480173739e-05j),(-136327.3678911939+423.71226188328905j),(-1.008378871040017+0.050733058185729644j)
4250,160,44100,1.6454805224868532e-05,-1.7724960637111649,21697.174478590845,67.43590092737313,(-3.296471732050511e-06-1.612122480173739e-05j),(136327.3678911939+423.71226188328905j),(-1.008378871040017-0.050733058185729644j)
4250,160,44100,2.808722175980933e-05,1.0727071401979613,-21455.864349518968,55.200619692440775,(1.3418607501199942e-05+2.467454151374342e-05j),(-134811.17163373588+346.835722598752j),(-1.0042868207403086+0.08521650581225394j)
4250,160,44100,2.808722175980933e-05,-1.0727071401979613,21455.864349518968,55.200619692440775,(1.3418607501199942e-05-2.467454151374342e-05j),(134811.17163373588+346.835722598752j),(-1.0042868207403086-0.08521650581225394j)
4250,160,44100,1.0132025798100012e-05,-2.035803013161634,-21042.53987576677,100.1421120450852,(-4.5434919458312e-06-9.056192782374456e-06j),(-132214.17737315834+629.2114470316112j),(-1.0039383119803897+0.14510194650248437j)
4250,160,44100,1.0132025798100012e-05,2.035803013161634,21042.53987576677,100.1421120450852,(-4.5434919458312e-06+9.056192782374456e-06j),(132214.17737315834+629.2114470316112j),(-1.0039383119803897-0.14510194650248437j)
4250,160,44100,8.879837319572553e-06,2.7367570493620677,-20833.115732634633,109.1527421126419,(-8.162054848198478e-06+3.4974807329095037e-06j),(-130898.32667406181+685.826905480514j),(-1.0004460954896222+0.17521310353486547j)
4250,160,44100,8.879837319572553e-06,-2.7367570493620677,20833.115732634633,109.1527421126419,(-8.162054848198478e-06-3.4974807329095037e-06j),(130898.32667406181+685.826905480514j),(-1.0004460954896222-0.17521310353486547j)
4250,160,44100,6.349134580228005e-06,-1.4428041427653169,-20696.961623349416,112.54261985888235,(8.104226414322131e-07-6.2971997792749975e-06j),(-130042.8451750888+707.126135528827j),(-0.9973407496624372+0.19468025055034716j)
4250,160,44100,6.349134580228005e-06,1.4428041427653169,20696.961623349416,112.54261985888235,(8.104226414322131e-07+6.2971997792749975e-06j),(130042.8451750888+707.126135528827j),(-0.9973407496624372-0.19468025055034716j)
4250,160,44100,9.583932873665051e-06,-1.0551254848628642,-20441.580980047627,85.29783753849681,(4.726015245040447e-06-8.337658498077438e-06j),(-128438.24126935693+535.9421195560745j),(-0.9857647349368593+0.22993791623327556j)
4250,160,44100,9.583932873665051e-06,1.0551254848628642,20441.580980047627,85.29783753849681,(4.726015245040447e-06+8.337658498077438e-06j),(128438.24126935693+535.9421195560745j),(-0.9857647349368593-0.22993791623327556j)
4250,160,44100,2.584028696992615e-05,-2.624353014598132,-20228.791200068285,54.938954504930386,(-2.246005288753841e-05-1.2777576255969396e-05j),(-127101.24365027277+345.19163173718636j),(-0.9741190977831572+0.25859256233331357j)
4250,160,44100,2.584028696992615e-05,2.624353014598132,20228.791200068285,54.938954504930386,(-2.246005288753841e-05+1.2777576255969396e-05j),(127101.24365027277+345.19163173718636j),(-0.9741190977831572-0.25859256233331357j)
4250,160,44100,3.163596748060594e-05,1.2653810481235082,-19787.769336077967,45.07069202389217,(9.5125957017232e-06+3.0171923396587e-05j),(-124330.22155430383+283.18750990893545j),(-0.9546156172402877+0.3188021634766483j)
4250,160,44100,3.163596748060594e-05,-1.2653810481235082,19787.769336077967,45.07069202389217,(9.5125957017232e-06-3.0171923396587e-05j),(124330.22155430383+283.18750990893545j),(-0.9546156172402877-0.3188021634766483j)
4250,160,44100,2.6416431805740323e-05,0.5506656402577286,-19547.624844708953,48.15426854080882,(2.2511460062341327e-05+1.3822519133969046e-05j),(-122821.34921453393+302.56219257359015j),(-0.9435657392723897+0.35142554098020423j)
4250,160,44100,2.6416431805740323e-05,-0.5506656402577286,19547.624844708953,48.15426854080882,(2.2511460062341327e-05-1.3822519133969046e-05j),(122821.34921453393+302.56219257359015j),(-0.9435657392723897-0.35142554098020423j)
4250,160,44100,3.3457974267830184e-05,0.7896583989320509,-19278.651580586877,55.80517750687227,(2.355735591173755e-05+2.3758935678066696e-05j),(-121131.34035337796+350.6342713757286j),(-0.9304225385524219+0.38774061811027916j)
4250,160,44100,3.3457974267830184e-05,-0.7896583989320509,19278.651580586877,55.80517750687227,(2.355735591173755e-05-2.3758935678066696e-05j),(121131.34035337796+350.6342713757286j),(-0.9304225385524219-0.38774061811027916j)
4250,160,44100,1.1929000848776997e-05,1.4318316318920563,-18947.881941633128,88.30693650720275,(1.6523797216895126e-06+1.1814004507594856e-05j),(-119053.05341784269+554.8488459840969j),(-0.9153522999769583+0.4331427545674535j)
4250,160,44100,1.1929000848776997e-05,-1.4318316318920563,18947.881941633128,88.30693650720275,(1.6523797216895126e-06-1.1814004507594856e-05j),(119053.05341784269+554.8488459840969j),(-0.9153522999769583-0.4331427545674535j)
4250,160,44100,1.828853297715656e-05,0.10596266982885823,-18730.48678556987,69.02212825386722,(1.818595638598981e-05+1.9342773284665324e-06j),(-117687.119367414+433.6788221149635j),(-0.899025851885689+0.46001650004504674j)
4250,160,44100,1.828853297715656e-05,-0.10596266982885823,18730.48678556987,69.02212825386722,(1.818595638598981e-05-1.9342773284665324e-06j),(117687.119367414+433.6788221149635j),(-0.899025851885689-0.46001650004504674j)
4250,160,44100,3.868489716496281e-05,-0.35745560019964445,-18481.06200573607,47.19623904624277,(3.623962944640969e-05-1.353552829595738e-05j),(-116119.93725551576+296.54271572948807j),(-0.8793752449275705+0.49014147722757295j)
4250,160,44100,3.868489716496281e-05,0.35745560019964445,18481.06200573607,47.19623904624277,(3.623962944640969e-05+1.353552829595738e-05j),(116119.93725551576+296.54271572948807j),(-0.8793752449275705-0.49014147722757295j)
4250,160,44100,8.474668078938962e-06,-2.5116681415349267,-18018.473853808235,113.84995881271527,(-6.848141808772542e-06-4.992289336079044e-06j),(-113213.41017604744+715.3403884350537j),(-0.8532498991380701+0.5522122064637276j)
4250,160,44100,8.474668078938962e-06,2.5116681415349267,18018.473853808235,113.84995881271527,(-6.848141808772542e-06+4.992289336079044e-06j),(113213.41017604744+715.3403884350537j),(-0.8532498991380701-0.5522122064637276j)
4250,160,44100,1.3755130509742663e-05,-2.112510518598578,-17734.451797675214,83.72346266614042,(-7.09222111931476e-06-1.1785754746082201e-05j),(-111428.8469660375+526.0500304900921j),(-0.8266556299727281+0.5837674811124238j)
4250,160,44100,1.3755130509742663e-05,2.112510518598578,17734.451797675214,83.72346266614042,(-7.09222111931476e-06+1.1785754746082201e-05j),(111428.8469660375+526.0500304900921j),(-0.8266556299727281-0.5837674811124238j)
4250,160,44100,1.2822982221113168e-05,3.0983494857298344,-17508.14000849732,85.00697882781981,(-1.2810994783225817e-05+5.543335702853759e-07j),(-110006.88805743345+534.1146003786836j),(-0.8075538877533126+0.6102256631871701j)
4250,160,44100,1.2822982221113168e-05,-3.0983494857298344,17508.14000849732,85.00697882781981,(-1.2810994783225817e-05-5.543335702853759e-07j),(110006.88805743345+534.1146003786836j),(-0.8075538877533126-0.6102256631871701j)
4250,160,44100,6.778799050491918e-06,2.025307050364935,-17294.29751874555,111.45811302764416,(-2.9760470908165977e-06+6.090587843565856e-06j),(-108663.27606777441+700.3119781412554j),(-0.7915675229098371+0.6369385949594127j)
4250,160,44100,6.778799050491918e-06,-2.025307050364935,17294.29751874555,111.45811302764416,(-2.9760470908165977e-06-6.090587843565856e-06j),(108663.27606777441+700.3119781412554j),(-0.7915675229098371-0.6369385949594127j)
4250,160,44100,6.417997024668769e-06,-2.0767448373360167,-17163.045100352465,114.74287612741044,(-3.1104009726598633e-06-5.613919450609686e-06j),(-107838.5928009952+720.9507533872726j),(-0.7798837715020714+0.6519339505114901j)
4250,160,44100,6.417997024668769e-06,2.0767448373360167,17163.045100352465,114.74287612741044,(-3.1104009726598633e-06+5.613919450609686e-06j),(107838.5928009952+720.9507533872726j),(-0.7798837715020714-0.6519339505114901j)
4250,160,44100,7.564976141901425e-06,2.4973247849952314,-16968.99518673272,104.5150768272911,(-6.048498823058208e-06+4.54362476608723e-06j),(-106619.34123488016+656.6875950999811j),(-0.7604547724291464+0.6722634909292438j)
4250,160,44100,7.564976141901425e-06,-2.4973247849952314,16968.99518673272,104.5150768272911,(-6.048498823058208e-06-4.54362476608723e-06j),(106619.34123488016+656.6875950999811j),(-0.7604547724291464-0.6722634909292438j)
4250,160,44100,6.589692234935637e-06,-1.566299039639064,-16598.601227204563,110.81741160882855,(2.9635638349109922e-08-6.5896255948354666e-06j),(-104292.08735050476+696.2863324002641j),(-0.7245861000370352+0.7120789685538931j)
4250,160,44100,6.589692234935637e-06,1.566299039639064,16598.601227204563,110.81741160882855,(2.9635638349109922e-08+6.5896255948354666e-06j),(104292.08735050476+696.2863324002641j),(-0.7245861000370352-0.7120789685538931j)
4250,160,44100,1.9641724526476114e-05,-2.373219373556814,-16366.610826764048,76.00657874996469,(-1.4123227564725158e-05-1.3650340125028417e-05j),(-102834.44867505021+477.5634188507663j),(-0.6971917932827566+0.7319959355589779j)
4250,160,44100,1.9641724526476114e-05,2.373219373556814,16366.610826764048,76.00657874996469,(-1.4123227564725158e-05+1.3650340125028417e-05j),(102834.44867505021+477.5634188507663j),(-0.6971917932827566-0.7319959355589779j)
4250,160,44100,1.0463306426299114e-05,3.1076865074417848,-16129.394222835566,99.00216448925386,(-1.0457292554011776e-05+3.5470242519918655e-07j),(-101343.97279462773+622.0489452978564j),(-0.6742640994274507+0.7576149779883151j)
4250,160,44100,1.0463306426299114e-05,-3.1076865074417848,16129.394222835566,99.00216448925386,(-1.0457292554011776e-05-3.5470242519918655e-07j),(101343.97279462773+622.0489452978564j),(-0.6742640994274507-0.7576149779883151j)
4250,160,44100,2.576925361086568e-06,-1.7612928319394758,-15774.408934602681,156.01986253713352,(-4.879316479902001e-07-2.5303096694872557e-06j),(-99113.53444733795+980.301707921496j),(-0.640280805877153+0.7971835981638187j)
4250,160,44100,2.576925361086568e-06,1.7612928319394758,15774.408934602681,156.01986253713352,(-4.879316479902001e-07+2.5303096694872557e-06j),(99113.53444733795+980.301707921496j),(-0.640280805877153-0.7971835981638187j)
4250,160,44100,6.477629478793645e-06,-2.7541688121082384,-15553.425276852551,125.77814461735962,(-5.9975426599868895e-06-2.4472772025608014e-06j),(-97725.05317583554+790.2873902241031j),(-0.6122248368989266+0.8134319070128444j)
4250,160,44100,6.477629478793645e-06,2.7541688121082384,15553.425276852551,125.77814461735962,(-5.9975426599868895e-06+2.4472772025608014e-06j),(97725.05317583554+790.2873902241031j),(-0.6122248368989266-0.8134319070128444j)
4250,160,44100,4.910309866357314e-06,0.10771279944447129,-15152.783025847424,130.2486890445546,(4.881852572567342e-06+5.278810882799337e-07j),(-95207.74367088477+818.3766492841482j),(-0.5651805788422342+0.8475746854171615j)
4250,160,44100,4.910309866357314e-06,-0.10771279944447129,15152.783025847424,130.2486890445546,(4.881852572567342e-06-5.278810882799337e-07j),(95207.74367088477+818.3766492841482j),(-0.5651805788422342-0.8475746854171615j)
4250,160,44100,5.870214662303526e-06,-1.2944343280998907,-14937.731926076902,123.67391016644454,(1.6017321356624385e-06-5.647466188221895e-06j),(-93856.5377605138+777.0660952392524j),(-0.5384454070374513+0.863681632865208j)
4250,160,44100,5.870214662303526e-06,1.2944343280998907,14937.731926076902,123.67391016644454,(1.6017321356624385e-06+5.647466188221895e-06j),(93856.5377605138+777.0660952392524j),(-0.5384454070374513-0.863681632865208j)
4250,160,44100,3.804945273016492e-06,-2.537627876722668,-14720.757752368243,135.3439640296169,(-3.13181412632727e-06-2.1608676055666867e-06j),(-92493.24882023013+850.3912062063313j),(-0.5123440720144745+0.8813758489439728j)
4250,160,44100,3.804945273016492e-06,2.537627876722668,14720.757752368243,135.3439640296169,(-3.13181412632727e-06+2.1608676055666867e-06j),(92493.24882023013+850.3912062063313j),(-0.5123440720144745-0.8813758489439728j)
4250,160,44100,6.824751762672373e-06,2.575653459472325,-14501.15380732359,122.31901370052285,(-5.760673107286124e-06+3.6594920375770845e-06j),(-91113.4365393269+768.5530296718237j),(-0.48362278180756535+0.895309205179079j)
4250,160,44100,6.824751762672373e-06,-2.575653459472325,14501.15380732359,122.31901370052285,(-5.760673107286124e-06-3.6594920375770845e-06j),(91113.4365393269+768.5530296718237j),(-0.48362278180756535-0.895309205179079j)
4250,160,44100,4.712270004331551e-06,0.8405557879100479,-14295.864258549776,134.74192542916944,(3.1433143302997007e-06+3.5107069964118944e-06j),(-89823.56426275375+846.6084861176448j),(-0.45804294135984486+0.9106800849190214j)
4250,160,44100,4.712270004331551e-06,-0.8405557879100479,14295.864258549776,134.74192542916944,(3.1433143302997007e-06-3.5107069964118944e-06j),(89823.56426275375+846.6084861176448j),(-0.45804294135984486-0.9106800849190214j)
4250,160,44100,4.847527518091943e-06,-0.5830646094297148,-14083.679816571203,135.45064304325135,(4.046615362953388e-06-2.6689749236304652e-06j),(-88490.37009450186+851.0614902173837j),(-0.4303503795214774+0.9242023480724703j)
4250,160,44100,4.847527518091943e-06,0.5830646094297148,14083.679816571203,135.45064304325135,(4.046615362953388e-06+2.6689749236304652e-06j),(88490.37009450186+851.0614902173837j),(-0.4303503795214774-0.9242023480724703j)
4250,160,44100,4.574480156464154e-06,-1.914879024697095,-13867.994109774512,139.70236547116292,(-1.5431244164963566e-06-4.306348306523416e-06j),(-87135.17683058826+877.7758501066436j),(-0.40199436598430505+0.9375563627883229j)
4250,160,44100,4.574480156464154e-06,1.914879024697095,13867.994109774512,139.70236547116292,(-1.5431244164963566e-06+4.306348306523416e-06j),(87135.17683058826+877.7758501066436j),(-0.40199436598430505-0.9375563627883229j)
4250,160,44100,3.892666753589206e-06,2.859420246587381,-13656.94215268511,147.59084497658804,(-3.7387227376757096e-06+1.083885024015635e-06j),(-85809.09827475263+927.340628631118j),(-0.3740449069815272+0.9502860441620345j)
4250,160,44100,3.892666753589206e-06,-2.859420246587381,13656.94215268511,147.59084497658804,(-3.7387227376757096e-06-1.083885024015635e-06j),(85809.09827475263+927.340628631118j),(-0.3740449069815272-0.9502860441620345j)
4250,160,44100,2.3838271962513184e-06,1.517644751101196,-13443.872846350238,165.4276610108726,(1.2664452164068536e-07+2.3804607257263926e-06j),(-84470.34433977841+1039.4126490646001j),(-0.3459068867484871+0.9636472510608631j)
4250,160,44100,2.3838271962513184e-06,-1.517644751101196,13443.872846350238,165.4276610108726,(1.2664452164068536e-07-2.3804607257263926e-06j),(84470.34433977841+1039.4126490646001j),(-0.3459068867484871-0.9636472510608631j)
4250,160,44100,2.3246929986835973e-06,-0.2960904863320991,-13244.368394208395,170.24962627852173,(2.2235328801405937e-06-6.783060290622592e-07j),(-83216.82089736388+1069.7099503860234j),(-0.31859839530962214+0.9737576698252113j)
4250,160,44100,2.3246929986835973e-06,0.2960904863320991,13244.368394208395,170.24962627852173,(2.2235328801405937e-06+6.783060290622592e-07j),(83216.82089736388+1069.7099503860234j),(-0.31859839530962214-0.9737576698252113j)
4250,160,44100,1.7814411148420203e-06,-1.9023095928884057,-13039.817618863131,179.66748728181528,(-5.798132475144737e-07-1.6844432444152876e-06j),(-81931.59047114232+1128.884116266977j),(-0.2904778762705414+0.9839473360316316j)
4250,160,44100,1.7814411148420203e-06,1.9023095928884057,13039.817618863131,179.66748728181528,(-5.798132475144737e-07+1.6844432444152876e-06j),(81931.59047114232+1128.884116266977j),(-0.2904778762705414-0.9839473360316316j)
4250,160,44100,2.1490998432355703e-06,2.6986892083547636,-12836.254941120145,175.90928942796177,(-1.9417356912952274e-06+9.210280350485533e-07j),(-80652.56844525746+1105.2706627301707j),(-0.261682364795487+0.9914260137140622j)
4250,160,44100,2.1490998432355703e-06,-2.6986892083547636,12836.254941120145,175.90928942796177,(-1.9417356912952274e-06-9.210280350485533e-07j),(80652.56844525746+1105.2706627301707j),(-0.261682364795487-0.9914260137140622j)
4250,160,44100,2.536828339763326e-06,1.6061105250170722,-12612.757397953064,174.7466490270632,(-8.956743965528213e-08+2.535246674227175e-06j),(-79248.29196583932+1097.9655776457114j),(-0.22994696496168515+0.999089248086589j)
4250,160,44100,2.536828339763326e-06,-1.6061105250170722,12612.757397953064,174.7466490270632,(-8.956743965528213e-08-2.535246674227175e-06j),(79248.29196583932+1097.9655776457114j),(-0.22994696496168515-0.999089248086589j)
4250,160,44100,1.0309518531237935e-06,0.42249337348477684,-12395.151314467857,209.18021943950782,(9.402996421992951e-07+4.227272245068461e-07j),(-77881.03261933218+1314.3180813349172j),(-0.19984406844819705+1.0106833786871023j)
4250,160,44100,1.0309518531237935e-06,-0.42249337348477684,12395.151314467857,209.18021943950782,(9.402996421992951e-07-4.227272245068461e-07j),(77881.03261933218+1314.3180813349172j),(-0.19984406844819705-1.0106833786871023j)
4250,160,44100,1.432163838339734e-06,2.0500261655823757,-12035.65177895405,201.8421310573871,(-6.603648876954291e-07+1.2708310174633776e-06j),(-75622.23041985394+1268.211512229591j),(-0.14768292302646294+1.0185240250459144j)
4250,160,44100,1.432163838339734e-06,-2.0500261655823757,12035.65177895405,201.8421310573871,(-6.603648876954291e-07-1.2708310174633776e-06j),(75622.23041985394+1268.211512229591j),(-0.14768292302646294-1.0185240250459144j)
4250,160,44100,1.6984728108560748e-06,1.1020560068069936,-11806.051455968713,197.69033628826486,(7.673068932312112e-07+1.5152722596342883e-06j),(-74179.60904394877+1242.1250163378172j),(-0.11422379689343244+1.0222044808048503j)
4250,160,44100,1.6984728108560748e-06,-1.1020560068069936,11806.051455968713,197.69033628826486,(7.673068932312112e-07-1.5152722596342883e-06j),(74179.60904394877+1242.1250163378172j),(-0.11422379689343244-1.0222044808048503j)
4250,160,44100,6.905458302970396e-07,0.9926994903657175,-11558.56553120577,247.330847804542,(3.773356624263298e-07+5.783349735247825e-07j),(-72624.6091177445+1554.0255489377687j),(-0.07867099138792386+1.0328751809668038j)
4250,160,44100,6.905458302970396e-07,-0.9926994903657175,11558.56553120577,247.330847804542,(3.773356624263298e-07-5.783349735247825e-07j),(72624.6091177445+1554.0255489377687j),(-0.07867099138792386-1.0328751809668038j)
4250,160,44100,8.054375027205202e-07,1.0778057421817597,-11256.793817221544,227.67526453888604,(3.8118334258522203e-07+7.095271877273099e-07j),(-70728.52151831641+1430.5258769589543j),(-0.034107659851608005+1.0324068287478456j)
4250,160,44100,8.054375027205202e-07,-1.0778057421817597,11256.793817221544,227.67526453888604,(3.8118334258522203e-07-7.095271877273099e-07j),(70728.52151831641+1430.5258769589543j),(-0.034107659851608005-1.0324068287478456j)
4250,160,44100,1.0007006731832617e-06,-1.3250617767503012,-11074.270873142974,216.33205164588549,(2.434393256786372e-07-9.706385176895483e-07j),(-69581.69603785878+1359.2543683734432j),(-0.007239587743482733+1.0312766025551294j)
4250,160,44100,1.0007006731832617e-06,1.3250617767503012,11074.270873142974,216.33205164588549,(2.434393256786372e-07+9.706385176895483e-07j),(69581.69603785878+1359.2543683734432j),(-0.007239587743482733-1.0312766025551294j)
4250,160,44100,2.0996720625236557e-06,-2.4260438826447577,-10856.316647007521,189.78563957214516,(-1.5846925165107204e-06-1.3774514141185752e-06j),(-68212.2492465668+1192.4583420733832j),(0.024689651634760917+1.027112065233884j)
4250,160,44100,2.0996720625236557e-06,2.4260438826447577,10856.316647007521,189.78563957214516,(-1.5846925165107204e-06+1.3774514141185752e-06j),(68212.2492465668+1192.4583420733832j),(0.024689651634760917-1.027112065233884j)
4250,160,44100,1.941088919039957e-06,2.1232521076841766,-10654.516432047838,188.48004058899355,(-1.0186432145433165e-06+1.6523293234354245e-06j),(-66944.30110094644+1184.2550217253763j),(0.054196471970448995+1.0257869578258285j)
4250,160,44100,1.941088919039957e-06,-2.1232521076841766,10654.516432047838,188.48004058899355,(-1.0186432145433165e-06-1.6523293234354245e-06j),(66944.30110094644+1184.2550217253763j),(0.054196471970448995-1.0257869578258285j)
4250,160,44100,2.8413547956142328e-06,0.49214795606680745,-10453.94589968661,174.92128339951327,(2.5041426386720615e-06+1.3425970057111414e-06j),(-65684.07927896119+1099.0628377688183j),(0.08332259591059389+1.021843716831198j)
4250,160,44100,2.8413547956142328e-06,-0.49214795606680745,10453.94589968661,174.92128339951327,(2.5041426386720615e-06-1.3425970057111414e-06j),(65684.07927896119+1099.0628377688183j),(0.08332259591059389-1.021843716831198j)
4250,160,44100,3.077855619876826e-06,-2.0313012011149496,-10280.880653745395,166.48212914265864,(-1.3678004048443598e-06-2.757229999349885e-06j),(-64596.678268479925+1046.0380677371272j),(0.10836057891459187+1.0182537044510607j)
4250,160,44100,3.077855619876826e-06,2.0313012011149496,10280.880653745395,166.48212914265864,(-1.3678004048443598e-06+2.757229999349885e-06j),(64596.678268479925+1046.0380677371272j),(0.10836057891459187-1.0182537044510607j)
4250,160,44100,4.914950924325609e-06,2.3000726730012766,-10098.074728617095,150.38738058825433,(-3.2749802921431423e-06+3.6648665288934016e-06j),(-63448.07476564842+944.9117800973441j),(0.13453283216232015+1.0127613304718284j)
4250,160,44100,4.914950924325609e-06,-2.3000726730012766,10098.074728617095,150.38738058825433,(-3.2749802921431423e-06-3.6648665288934016e-06j),(63448.07476564842+944.9117800973441j),(0.13453283216232015-1.0127613304718284j)
4250,160,44100,4.922410197850037e-06,0.5228037748494223,-9904.098473161444,155.9608841785373,(4.264887591734037e-06+2.4578152871546484e-06j),(-62229.286007427756+979.9311359653227j),(0.1625965767435402+1.0094582621041908j)
4250,160,44100,4.922410197850037e-06,-0.5228037748494223,9904.098473161444,155.9608841785373,(4.264887591734037e-06-2.4578152871546484e-06j),(62229.286007427756+979.9311359653227j),(0.1625965767435402-1.0094582621041908j)
4250,160,44100,3.11933088802447e-06,-1.347143716213611,-9708.707978887263,174.5804016024586,(6.91844921986954e-07-3.041640312874682e-06j),(-61001.61132464167+1096.9210142700795j),(0.19113806332903022+1.0072097016885777j)
4250,160,44100,3.11933088802447e-06,1.347143716213611,9708.707978887263,174.5804016024586,(6.91844921986954e-07+3.041640312874682e-06j),(61001.61132464167+1096.9210142700795j),(0.19113806332903022-1.0072097016885777j)
4250,160,44100,3.2271659435630664e-06,-2.8470434850295407,-9501.077924295443,180.2366849927712,(-3.088181974315933e-06-9.368735884864309e-07j),(-59697.033216301454+1132.4604909613354j),(0.22102368743658954+1.001922658687449j)
4250,160,44100,3.2271659435630664e-06,2.8470434850295407,9501.077924295443,180.2366849927712,(-3.088181974315933e-06+9.368735884864309e-07j),(59697.033216301454+1132.4604909613354j),(0.22102368743658954-1.001922658687449j)
4250,160,44100,1.4011294623171232e-06,1.793988464023637,-9300.41974499293,209.59361427042813,(-3.101311857002349e-07+1.3663756503353083e-06j),(-58436.2606923425+1316.9155176626198j),(0.2506194454907324+0.9993665379006837j)
4250,160,44100,1.4011294623171232e-06,-1.793988464023637,9300.41974499293,209.59361427042813,(-3.101311857002349e-07-1.3663756503353083e-06j),(58436.2606923425+1316.9155176626198j),(0.2506194454907324-0.9993665379006837j)
4250,160,44100,1.515320426862807e-06,-0.7535689393830198,-9125.911634326249,209.35591203621215,(1.105049674187583e-06-1.0368515870873691e-06j),(-57339.79389541793+1315.42199047711j),(0.27537754223905003+0.9927934795151441j)
4250,160,44100,1.515320426862807e-06,0.7535689393830198,9125.911634326249,209.35591203621215,(1.105049674187583e-06+1.0368515870873691e-06j),(57339.79389541793+1315.42199047711j),(0.27537754223905003-0.9927934795151441j)
4250,160,44100,2.945578376677335e-06,-2.5775569701914085,-8928.867865476654,186.26071543109984,(-2.489321594280493e-06-1.5747094885717517e-06j),(-56101.73138211086+1170.3105905014445j),(0.3021411978348628+0.9814375955791869j)
4250,160,44100,2.945578376677335e-06,2.5775569701914085,8928.867865476654,186.26071543109984,(-2.489321594280493e-06+1.5747094885717517e-06j),(56101.73138211086+1170.3105905014445j),(0.3021411978348628-0.9814375955791869j)
4250,160,44100,9.908202021510556e-06,0.9618239208354316,-8729.958906097601,103.08723696509738,(5.6677381949418035e-06+8.127066571196748e-06j),(-54851.949531074024+647.7162126568402j),(0.32594433714974125+0.9610259474467431j)
4250,160,44100,9.908202021510556e-06,-0.9618239208354316,8729.958906097601,103.08723696509738,(5.6677381949418035e-06-8.127066571196748e-06j),(54851.949531074024+647.7162126568402j),(0.32594433714974125-0.9610259474467431j)
4250,160,44100,7.105775689413126e-06,-2.250801040839419,-8665.969662623955,158.6388689842021,(-4.468088230002365e-06-5.525236258945759e-06j),(-54449.893256662865+996.757410749126j),(0.33735179080324457+0.9656269868009607j)
4250,160,44100,7.105775689413126e-06,2.250801040839419,8665.969662623955,158.6388689842021,(-4.468088230002365e-06+5.525236258945759e-06j),(54449.893256662865+996.757410749126j),(0.33735179080324457-0.9656269868009607j)
4250,160,44100,2.285046895173933e-06,1.6317722837744753,-8474.673855153344,198.2589421071365,(-1.3924659569584581e-07+2.280800232096434e-06j),(-53247.94624983847+1245.6976720645282j),(0.3655993976715551+0.9614871736418673j)
4250,160,44100,2.285046895173933e-06,-1.6317722837744753,8474.673855153344,198.2589421071365,(-1.3924659569584581e-07-2.280800232096434e-06j),(53247.94624983847+1245.6976720645282j),(0.3655993976715551-0.9614871736418673j)
4250,160,44100,3.2021013858104713e-06,0.10139820430253824,-8266.51192804738,192.85641411819057,(3.1856541289247888e-06+3.241312324873777e-07j),(-51940.02628793209+1211.7525875827566j),(0.3936471537670336+0.9494918337716951j)
4250,160,44100,3.2021013858104713e-06,-0.10139820430253824,8266.51192804738,192.85641411819057,(3.1856541289247888e-06-3.241312324873777e-07j),(51940.02628793209+1211.7525875827566j),(0.3936471537670336-0.9494918337716951j)
4250,160,44100,1.6930326004761287e-06,-1.4466208751551548,-8059.845948316609,212.4184000889871,(2.0969322118234455e-07-1.679996470015677e-06j),(-50641.50564059384+1334.6641704137187j),(0.422606394794866+0.9401075620826748j)
4250,160,44100,1.6930326004761287e-06,1.4466208751551548,8059.845948316609,212.4184000889871,(2.0969322118234455e-07+1.679996470015677e-06j),(50641.50564059384+1334.6641704137187j),(0.422606394794866-0.9401075620826748j)
4250,160,44100,3.5882481487881802e-06,3.0908483896377725,-7856.878842366539,192.8660794553845,(-3.5836293058445026e-06+1.820048778858633e-07j),(-49366.22570264759+1211.8133166874024j),(0.44836110905976245+0.924915158108621j)
4250,160,44100,3.5882481487881802e-06,-3.0908483896377725,7856.878842366539,192.8660794553845,(-3.5836293058445026e-06-1.820048778858633e-07j),(49366.22570264759+1211.8133166874024j),(0.44836110905976245-0.924915158108621j)
4250,160,44100,3.905187658733225e-06,2.3156209876778893,-7621.197845916552,193.31852832633126,(-2.6471037681403747e-06+2.871120389433246e-06j),(-47885.398328571595+1214.6561367855852j),(0.4791910026491103+0.9093997665672399j)
4250,160,44100,3.905187658733225e-06,-2.3156209876778893,7621.197845916552,193.31852832633126,(-2.6471037681403747e-06-2.871120389433246e-06j),(47885.398328571595+1214.6561367855852j),(0.4791910026491103-0.9093997665672399j)
4250,160,44100,1.7328570304741374e-06,1.3351870610416394,-7394.7625032975475,226.5240384135713,(4.04510281388647e-07+1.6849821721058426e-06j),(-46462.66311080169+1423.2925098831354j),(0.5106855647830422+0.897706785157273j)
4250,160,44100,1.7328570304741374e-06,-1.3351870610416394,7394.7625032975475,226.5240384135713,(4.04510281388647e-07-1.6849821721058426e-06j),(46462.66311080169+1423.2925098831354j),(0.5106855647830422-0.897706785157273j)
4250,160,44100,6.439413957154849e-07,-1.0313196051656983,-7214.139000633613,260.2254663312815,(3.307843887028462e-07-5.524872933439203e-07j),(-45327.772172732344+1635.0448266066642j),(0.5361843376883102+0.8885249111650896j)
4250,160,44100,6.439413957154849e-07,1.0313196051656983,7214.139000633613,260.2254663312815,(3.307843887028462e-07+5.524872933439203e-07j),(45327.772172732344+1635.0448266066642j),(0.5361843376883102-0.8885249111650896j)
4250,160,44100,1.216932375354362e-06,-2.8658074627922794,-7018.711743835732,246.26658627245092,(-1.1709465511953625e-06-3.313737775221446e-07j),(-44099.86650419748+1547.3385965163377j),(0.5595990616900247+0.8715180986831264j)
4250,160,44100,1.216932375354362e-06,2.8658074627922794,7018.711743835732,246.26658627245092,(-1.1709465511953625e-06+3.313737775221446e-07j),(44099.86650419748+1547.3385965163377j),(0.5595990616900247-0.8715180986831264j)
4250,160,44100,1.0475776841179083e-06,1.994239283854186,-6808.160866653685,253.04252490261914,(-4.3045151003128444e-07+9.550552349333661e-07j),(-42776.93632627347+1589.913074559761j),(0.5860530367314556+0.8551666041778189j)
4250,160,44100,1.0475776841179083e-06,-1.994239283854186,6808.160866653685,253.04252490261914,(-4.3045151003128444e-07-9.550552349333661e-07j),(42776.93632627347+1589.913074559761j),(0.5860530367314556-0.8551666041778189j)
4250,160,44100,9.282474907425527e-07,0.33100771456313893,-6605.0924466936085,260.3429252977262,(8.778578730784257e-07+3.016769111882249e-07j),(-41501.01981362815+1635.7828430588258j),(0.6111816708147927+0.8387271153014959j)
4250,160,44100,9.282474907425527e-07,-0.33100771456313893,6605.0924466936085,260.3429252977262,(8.778578730784257e-07-3.016769111882249e-07j),(41501.01981362815+1635.7828430588258j),(0.6111816708147927-0.8387271153014959j)
4250,160,44100,8.893312928860859e-07,-1.366393938675192,-6403.152532399882,264.97915298274654,(1.8051826682614902e-07-8.708176065333776e-07j),(-40232.1939112047+1664.9131207300848j),(0.6354765053706525+0.8213401208276798j)
4250,160,44100,8.893312928860859e-07,1.366393938675192,6403.152532399882,264.97915298274654,(1.8051826682614902e-07+8.708176065333776e-07j),(40232.1939112047+1664.9131207300848j),(0.6354765053706525-0.8213401208276798j)
4250,160,44100,7.639814976607935e-07,-2.814629379273527,-6195.578262872353,274.04241225109456,(-7.235072933231744e-07-2.4536691968601455e-07j),(-38927.96631076079+1721.8592582001284j),(0.6603377963304342+0.8032264444704268j)
4250,160,44100,7.639814976607935e-07,2.814629379273527,6195.578262872353,274.04241225109456,(-7.235072933231744e-07+2.4536691968601455e-07j),(38927.96631076079+1721.8592582001284j),(0.6603377963304342-0.8032264444704268j)
4250,160,44100,5.62619083090981e-07,1.1853062700005783,-6013.0002159957885,284.4164864277275,(2.115522442929106e-07+5.213308743905053e-07j),(-37780.79460921242+1787.0414886423393j),(0.6820136452949701+0.7869415763212166j)
4250,160,44100,5.62619083090981e-07,-1.1853062700005783,6013.0002159957885,284.4164864277275,(2.115522442929106e-07-5.213308743905053e-07j),(37780.79460921242+1787.0414886423393j),(0.6820136452949701-0.7869415763212166j)
4250,160,44100,1.0605367808582297e-06,-0.7424197212386843,-5820.568870259136,265.50857294302176,(7.814404170574657e-07-7.1700009633346e-07j),(-36571.71280503909+1668.2395644458138j),(0.7014379001140695+0.7658835149807601j)
4250,160,44100,1.0605367808582297e-06,0.7424197212386843,5820.568870259136,265.50857294302176,(7.814404170574657e-07+7.1700009633346e-07j),(36571.71280503909+1668.2395644458138j),(0.7014379001140695-0.7658835149807601j)
4250,160,44100,1.4873723690723919e-06,-2.3450189029577313,-5616.126948334682,252.30913935458017,(-1.0399119438187793e-06-1.0634188795498542e-06j),(-35287.1663250318+1585.3050772598249j),(0.7220866516916973+0.7437300378601329j)
4250,160,44100,1.4873723690723919e-06,2.3450189029577313,5616.126948334682,252.30913935458017,(-1.0399119438187793e-06+1.0634188795498542e-06j),(35287.1663250318+1585.3050772598249j),(0.7220866516916973-0.7437300378601329j)
4250,160,44100,2.741843869132946e-06,1.8612029634199698,-5423.6124932937155,225.12410773360946,(-7.851046692264427e-07+2.627036060099054e-06j),(-34077.56232969872+1414.4964860037292j),(0.739342823117416+0.7208494863189516j)
4250,160,44100,2.741843869132946e-06,-1.8612029634199698,5423.6124932937155,225.12410773360946,(-7.851046692264427e-07-2.627036060099054e-06j),(34077.56232969872+1414.4964860037292j),(0.739342823117416-0.7208494863189516j)
4250,160,44100,3.5622709414525868e-06,-0.9608174924619821,-5289.593640691411,196.51042397537702,(2.0406473062718204e-06-2.919851508505709e-06j),(-33235.497044142845+1234.71140862972j),(0.7499080000043954+0.7037268121311615j)
4250,160,44100,3.5622709414525868e-06,0.9608174924619821,5289.593640691411,196.51042397537702,(2.0406473062718204e-06+2.919851508505709e-06j),(33235.497044142845+1234.71140862972j),(0.7499080000043954-0.7037268121311615j)
4250,160,44100,2.5773669602669578e-06,2.820733230859193,-5123.614870989371,236.27200503817124,(-2.4458303207022706e-06+8.128557622414731e-07j),(-32192.62167704725+1484.5407905536988j),(0.770692161242899+0.6896940182010022j)
4250,160,44100,2.5773669602669578e-06,-2.820733230859193,5123.614870989371,236.27200503817124,(-2.4458303207022706e-06-8.128557622414731e-07j),(32192.62167704725+1484.5407905536988j),(0.770692161242899-0.6896940182010022j)
4250,160,44100,1.7338389099609009e-06,1.1312204502005587,-4919.93158405772,258.26840376818274,(7.378450317294424e-07+1.5690067159979217e-06j),(-30912.841841280257+1622.7482398649706j),(0.7928606399311323+0.6691350705731401j)
4250,160,44100,1.7338389099609009e-06,-1.1312204502005587,4919.93158405772,258.26840376818274,(7.378450317294424e-07-1.5690067159979217e-06j),(30912.841841280257+1622.7482398649706j),(0.7928606399311323-0.6691350705731401j)
4250,160,44100,1.2786318319230881e-06,-0.49540545531408364,-4715.482884465596,274.59528730566,(1.1249096412725195e-06-6.07846741028628e-07j),(-29628.252775931047+1725.3330746196802j),(0.8139038667589639+0.6472631408972643j)
4250,160,44100,1.2786318319230881e-06,0.49540545531408364,4715.482884465596,274.59528730566,(1.1249096412725195e-06+6.07846741028628e-07j),(29628.252775931047+1725.3330746196802j),(0.8139038667589639-0.6472631408972643j)
4250,160,44100,1.0390765867403239e-06,-2.2260842477579104,-4514.696025222346,286.54712556120245,(-6.332003387813504e-07-8.23855256752729e-07j),(-28366.671732059127+1800.4286891406914j),(0.833502883252706+0.6247809082730085j)
4250,160,44100,1.0390765867403239e-06,2.2260842477579104,4514.696025222346,286.54712556120245,(-6.332003387813504e-07+8.23855256752729e-07j),(28366.671732059127+1800.4286891406914j),(0.833502883252706-0.6247809082730085j)
4250,160,44100,1.073791669657491e-06,2.424020550244377,-4310.638373100968,291.045020512401,(-8.089994003665072e-07+7.060796839114223e-07j),(-27084.539690432517+1828.6897966112992j),(0.8518582545781881+0.6006724329096251j)
4250,160,44100,1.073791669657491e-06,-2.424020550244377,4310.638373100968,291.045020512401,(-8.089994003665072e-07-7.060796839114223e-07j),(27084.539690432517+1828.6897966112992j),(0.8518582545781881-0.6006724329096251j)
4250,160,44100,9.225539286841942e-07,0.9542258956538218,-4101.886156032671,301.40659074996785,(5.334580420023022e-07+7.526807216567401e-07j),(-25772.910827307835+1893.7934624872885j),(0.8706285014111698+0.5759240088382547j)
4250,160,44100,9.225539286841942e-07,-0.9542258956538218,4101.886156032671,301.40659074996785,(5.334580420023022e-07-7.526807216567401e-07j),(25772.910827307835+1893.7934624872885j),(0.8706285014111698-0.5759240088382547j)
4250,160,44100,6.915614553139444e-07,-0.7514645706303362,-3901.411973351234,315.9212839714868,(5.053168851489147e-07-4.7213567124221745e-07j),(-24513.29438821499+1984.9919696749555j),(0.8885567399806639+0.5519652312751261j)
4250,160,44100,6.915614553139444e-07,0.7514645706303362,3901.411973351234,315.9212839714868,(5.053168851489147e-07+4.7213567124221745e-07j),(24513.29438821499+1984.9919696749555j),(0.8885567399806639-0.5519652312751261j)
4250,160,44100,6.408897865765415e-07,-2.644048148153719,-3707.5692647476294,323.2396345111294,(-5.631864770870249e-07-3.0587695330709523e-07j),(-23295.344729612927+2030.9745222584277j),(0.9044025933557706+0.5277677926862215j)
4250,160,44100,6.408897865765415e-07,2.644048148153719,3707.5692647476294,323.2396345111294,(-5.631864770870249e-07+3.0587695330709523e-07j),(23295.344729612927+2030.9745222584277j),(0.9044025933557706-0.5277677926862215j)
4250,160,44100,7.139267255911182e-07,1.6938557002741648,-3515.1807277740927,322.94118101372015,(-8.763380215041804e-08+7.085278302465734e-07j),(-22086.531900831025+2029.0992836286298j),(0.9184884816739073+0.502760933899319j)
4250,160,44100,7.139267255911182e-07,-1.6938557002741648,3515.1807277740927,322.94118101372015,(-8.763380215041804e-08-7.085278302465734e-07j),(22086.531900831025+2029.0992836286298j),(0.9184884816739073-0.502760933899319j)
4250,160,44100,1.130186487273847e-06,-0.01459680671725521,-3314.145126112347,311.6414584824936,(1.1300660868215449e-06-1.649652788431899e-08j),(-20823.387962249937+1958.1010330452207j),(0.9310101370648523+0.47548418661079933j)
4250,160,44100,1.130186487273847e-06,0.01459680671725521,3314.145126112347,311.6414584824936,(1.1300660868215449e-06+1.649652788431899e-08j),(20823.387962249937+1958.1010330452207j),(0.9310101370648523-0.47548418661079933j)
4250,160,44100,1.4600004020443178e-06,-1.3434661398021321,-3100.064034637722,307.34585757021773,(3.290508127105666e-07-1.4224369007531001e-06j),(-19478.276793751604+1931.110976507702j),(0.944499544720195+0.44659691681515457j)
4250,160,44100,1.4600004020443178e-06,1.3434661398021321,3100.064034637722,307.34585757021773,(3.290508127105666e-07+1.4224369007531001e-06j),(19478.276793751604+1931.110976507702j),(0.944499544720195-0.44659691681515457j)
4250,160,44100,1.316835781729059e-06,-2.723033346045973,-2888.23084087592,316.13096501529895,(-1.2031605253375704e-06-5.352207267206713e-07j),(-18147.289583134523+1986.3094345286302j),(0.9587454303399419+0.4184151953567606j)
4250,160,44100,1.316835781729059e-06,2.723033346045973,2888.23084087592,316.13096501529895,(-1.2031605253375704e-06+5.352207267206713e-07j),(18147.289583134523+1986.3094345286302j),(0.9587454303399419-0.4184151953567606j)
4250,160,44100,1.038589101770744e-06,1.7311132431130711,-2692.2112293792356,328.31417028457844,(-1.6579108653616166e-07+1.0252710070718472e-06j),(-16915.662040259504+2062.85877087092j),(0.971740858638448+0.3921597328935796j)
4250,160,44100,1.038589101770744e-06,-1.7311132431130711,2692.2112293792356,328.31417028457844,(-1.6579108653616166e-07-1.0252710070718472e-06j),(16915.662040259504+2062.85877087092j),(0.971740858638448-0.3921597328935796j)
4250,160,44100,1.4622164670417887e-06,-0.27171420827265896,-2501.6660050067976,322.38388284286196,(1.4085710309483856e-06-3.9243425852131195e-07j),(-15718.431086129365+2025.5976759497753j),(0.9811984792479648+0.3653287502060009j)
4250,160,44100,1.4622164670417887e-06,0.27171420827265896,2501.6660050067976,322.38388284286196,(1.4085710309483856e-06+3.9243425852131195e-07j),(15718.431086129365+2025.5976759497753j),(0.9811984792479648-0.3653287502060009j)
4250,160,44100,1.989925261394161e-06,-1.9244806043084572,-2301.1632523144044,316.1001224853958,(-6.892233143068656e-07-1.866754876503736e-06j),(-14458.635136363457+1986.1156451979064j),(0.9903459634835492+0.3368520913891222j)
4250,160,44100,1.989925261394161e-06,1.9244806043084572,2301.1632523144044,316.1001224853958,(-6.892233143068656e-07+1.866754876503736e-06j),(14458.635136363457+1986.1156451979064j),(0.9903459634835492-0.3368520913891222j)
4250,160,44100,2.589280618031782e-06,2.445015783880578,-2108.700365040775,310.5503354061797,(-1.9860894252988e-06+1.6612714749947794e-06j),(-13249.355150868427+1951.245304563801j),(0.9984196485799784+0.3093275843176134j)
4250,160,44100,2.589280618031782e-06,-2.445015783880578,2108.700365040775,310.5503354061797,(-1.9860894252988e-06-1.6612714749947794e-06j),(13249.355150868427+1951.245304563801j),(0.9984196485799784-0.3093275843176134j)
4250,160,44100,3.960651943886844e-06,0.5425571927437327,-1918.3878918606742,300.4380467211293,(3.3918672079882594e-06+2.044994049866299e-06j),(-12053.58661561021+1887.7079208759337j),(1.004990021179573+0.28173890513095384j)
4250,160,44100,3.960651943886844e-06,-0.5425571927437327,1918.3878918606742,300.4380467211293,(3.3918672079882594e-06-2.044994049866299e-06j),(12053.58661561021+1887.7079208759337j),(1.004990021179573-0.28173890513095384j)
4250,160,44100,4.5603107180752135e-06,-1.3210840632964163,-1730.4633633045562,302.5951034397374,(1.1269675046644055e-06-4.4188661542099405e-06j),(-10872.821978927757+1901.261107957045j),(1.0124835045302396+0.2548111228910472j)
4250,160,44100,4.5603107180752135e-06,1.3210840632964163,1730.4633633045562,302.5951034397374,(1.1269675046644055e-06+4.4188661542099405e-06j),(10872.821978927757+1901.261107957045j),(1.0124835045302396-0.2548111228910472j)
4250,160,44100,3.7125092231423076e-06,3.0389690398258895,-1545.27563410279,321.1683951425157,(-3.692977031890808e-06+3.803227232807143e-07j),(-9709.253159737269+2017.9605414899022j),(1.021553163931952+0.22861555139543768j)
4250,160,44100,3.7125092231423076e-06,-3.0389690398258895,1545.27563410279,321.1683951425157,(-3.692977031890808e-06-3.803227232807143e-07j),(9709.253159737269+2017.9605414899022j),(1.021553163931952-0.22861555139543768j)
4250,160,44100,3.0411653860841284e-06,0.9545363068720337,-1363.0458070582902,340.55602804448904,(1.7577547113235548e-06+2.4817302996772378e-06j),(-8564.26938792139+2139.776631680573j),(1.0299850003884767+0.2025773389918733j)
4250,160,44100,3.0411653860841284e-06,-0.9545363068720337,1363.0458070582902,340.55602804448904,(1.7577547113235548e-06-2.4817302996772378e-06j),(8564.26938792139+2139.776631680573j),(1.0299850003884767-0.2025773389918733j)
4250,160,44100,3.4459157720461395e-06,-0.9284643547779569,-1174.094299822655,350.2890822335876,(2.064325053429425e-06-2.7591479811383703e-06j),(-7377.0520538890105+2200.9312147554992j),(1.0365010639073167+0.17502156808332706j)
4250,160,44100,3.4459157720461395e-06,0.9284643547779569,1174.094299822655,350.2890822335876,(2.064325053429425e-06+2.7591479811383703e-06j),(7377.0520538890105+2200.9312147554992j),(1.0365010639073167-0.17502156808332706j)
4250,160,44100,3.885412072890076e-06,-2.5977144773771745,-979.7363582738878,360.1534527378853,(-3.3247794619576964e-06-2.0105393568652786e-06j),(-6155.865091216127+2262.9108825726785j),(1.0424136633150156+0.14646175741702133j)
4250,160,44100,3.885412072890076e-06,2.5977144773771745,979.7363582738878,360.1534527378853,(-3.3247794619576964e-06+2.0105393568652786e-06j),(6155.865091216127+2262.9108825726785j),(1.0424136633150156-0.14646175741702133j)
4250,160,44100,4.773023651784272e-06,2.0259521291430067,-787.3715415330444,367.5797442209563,(-2.098231982681807e-06+4.287094275537131e-06j),(-4947.201301051766+2309.571648105943j),(1.0471431637696262+0.11796529043896031j)
4250,160,44100,4.773023651784272e-06,-2.0259521291430067,787.3715415330444,367.5797442209563,(-2.098231982681807e-06-4.287094275537131e-06j),(4947.201301051766+2309.571648105943j),(1.0471431637696262-0.11796529043896031j)
4250,160,44100,6.920037730023206e-06,0.5728279714588138,-592.9738926296982,369.4055160134835,(5.815402810039322e-06+3.7507349069124422e-06j),(-3725.764849712005+2321.043310607013j),(1.0502815821684257+0.08894419373629806j)
4250,160,44100,6.920037730023206e-06,-0.5728279714588138,592.9738926296982,369.4055160134835,(5.815402810039322e-06-3.7507349069124422e-06j),(3725.764849712005+2321.043310607013j),(1.0502815821684257-0.08894419373629806j)
4250,160,44100,8.715971778091914e-06,-0.5862044185890671,-394.4881047690343,370.78250550894165,(7.260808930941356e-06-4.82170278064264e-06j),(-2478.6418637419174+2329.6951907730163j),(1.0525830810091872+0.0592228395140138j)
4250,160,44100,8.715971778091914e-06,0.5862044185890671,394.4881047690343,370.78250550894165,(7.260808930941356e-06+4.82170278064264e-06j),(2478.6418637419174+2329.6951907730163j),(1.0525830810091872-0.0592228395140138j)
4250,160,44100,8.372860150774451e-06,-1.7882750270373653,-196.486627528659,373.62594299158206,(-1.8065986553048574e-06-8.175633822712306e-06j),(-1234.5618911453382+2347.561035385826j),(1.0542617685192137+0.029521349590122318j)
4250,160,44100,8.372860150774451e-06,1.7882750270373653,196.486627528659,373.62594299158206,(-1.8065986553048574e-06+8.175633822712306e-06j),(1234.5618911453382+2347.561035385826j),(1.0542617685192137-0.029521349590122318j)
4250,160,44100,8.012571558305007e-06,-3.141592653589793,0.0,374.7764770251158,(-8.012571558305007e-06-0j),2354.7900539207353j,(1.0548479147086034+0j)
4250,160,44100,0.49990809221548876,0.9652835285706205,-440.00068980935305,5.923513712133953e-05,(0.2845395771169525+0.4110295971297389j),(-2764.60586935901+0.0003721853432295686j),(0.9980356666975279+0.0626484227955913j)
4250,160,44100,0.49990809221548876,-0.9652835285706205,440.00068980935305,5.923513712133953e-05,(0.2845395771169525-0.4110295971297389j),(2764.60586935901+0.0003721853432295686j),(0.9980356666975279-0.0626484227955913j)
