,onset,duration,sample_rate,amplitude,phase,frequency,decay,power,d,w,z
60,0,250,44100,0.0006160506511575,2.74559891373789,88.24443191495563,-18.066020152348788,2.1401981418904745e-07,(-0.0005683767764768227+0.00023762627117701398j),(554.4561180484585-113.51215238044821j),(0.9973505059234431-0.012540050546454717j)
174,250,250,44100,0.0041074733646531,1.7115970996084569,440.14214931581495,8.869032936351626,2.349613200268525e-05,(-0.0005764264144224524+0.004066825547044149j),(2765.494685651572+55.725777434576365j),(0.9992963318460186-0.06274777669148043j)
195,500,250,44100,0.0001614684050779,-1.1082891168586575,149.5646566370982,-32.30774256472347,1.0241101198185012e-08,(7.204612066669455e-05-0.00014450398726430114j),(939.7424530555753-202.99553339081103j),(0.9951815115818343-0.021209884293378067j)
348,750,250,44100,0.0075216488710155,1.7164638141938406,441.10266472490304,9.425148351642882,8.053207409024976e-05,(-0.0010917889974531268+0.007441988882274027j),(2771.529781957274+59.21995364103045j),(0.9993669151617764-0.0628895127913402j)
457,1000,250,44100,0.0105511133361439,-1.440271162178926,441.564573563288,9.157338090032413,0.0001568048281952,(0.0013732786573796417-0.010461362165671383j),(2774.4320407838704+57.53725214016763j),(0.9993246427300083-0.06295287974182237j)
562,1250,250,44100,0.0134448411772493,1.6446068426484688,440.82636616048944,11.23584715998475,0.0002765391531032,(-0.0009914698370015955+0.013408234106092268j),(2769.7937468769555+70.59690978933166j),(0.9996272415268083-0.06286638802305794j)
673,1500,250,44100,0.0204159876014663,-1.476744242592451,441.3723819483071,10.333446223700236,0.0006150529582497,(0.001917336537523134-0.020325756328980878j),(2773.2244652524596+64.92695748528371j),(0.9994938343394776-0.06293606067046188j)
788,1750,250,44100,0.0295519252954199,1.6497615984819478,441.28406733308753,9.988836968911212,0.0012711483599154,(-0.0023311513916694625+0.029459837437691278j),(2772.669568159703+62.761713678875196j),(0.999445553684746-0.06292039496110396j)
904,2000,250,44100,0.0421923893883257,-1.501622627409372,440.9582266464134,9.1357362805459,0.0025053144164145,(0.002916276629964012-0.042091484327754815j),(2770.6222507447105+57.40152396819348j),(0.9993270018176644-0.06286635456782498j)
1039,2250,250,44100,0.0583587967885174,1.639167855322424,441.02602869164747,8.07279540223112,0.0045979092177311,(-0.003986972150717896+0.05822244597810087j),(2771.048263559122+50.722869459165494j),(0.9991750645318047-0.0628664867818702j)
1167,2500,250,44100,0.0775171846872085,-1.4924154624303692,439.96376669029456,6.562323824748408,0.0076533352452271,(0.006069644610629014-0.07727919083512365j),(2764.373874559846+41.23229663661374j),(0.9989695606119244-0.0627017689921433j)
1304,2750,250,44100,0.0991687189198597,1.706619403040636,440.59650622394616,4.259123226873342,0.0114824695148592,(-0.013428024943876625+0.09825539658620683j),(2768.3494943009578+26.76086048055789j),(0.9986361472767603-0.06277122416313728j)
1442,3000,250,44100,0.1137360736881198,-1.4392197657577512,440.6573916613256,3.774986492127905,0.0148342791947315,(0.014921858810048545-0.11275297152466718j),(2768.7320487865213+23.71893966213946j),(0.998566721409791-0.06277555676572963j)
1596,3250,250,44100,0.1321404832820198,1.7745414834843152,438.4516067904911,2.4656664807684034,0.0190817871897656,(-0.02673709816834297+0.12940724440131682j),(2754.872693695295+15.492239404369231j),(0.9984001352247837-0.06245008208799261j)
1742,3500,250,44100,0.1447506820439177,-1.2759254199520729,438.46751518563127,1.7780888179677004,0.0223319670262808,(0.042066912138674445-0.1385031943866148j),(2754.9726490899006+11.172061535914972j),(0.9983021919905783-0.0624462272909104j)
1898,3750,250,44100,0.1535314872346487,1.8838613055446876,436.708046365012,0.5569552847373543,0.0240438796107165,(-0.047284025772283425+0.14606895111299026j),(2743.917580447745+3.4994532618177674j),(0.9981441404890596-0.0621851490716745j)
2059,4000,250,44100,0.160247525169428,-1.0743014378089832,437.7822040276227,0.6290968551006494,0.0262610237851572,(0.07633335985296384-0.1408988555542038j),(2750.6667120910547+3.9527321167612857j),(0.9981448712009222-0.06233854659233713j)
2221,4250,250,44100,0.1642640969620618,2.186477118188464,437.900637197513,0.1226957908062026,0.0271004865037328,(-0.09486488811240777+0.1341020005599543j),(2751.410849643992+0.7709203900463126j),(0.9980718057618986-0.0623508903732741j)
2384,4500,250,44100,0.1649366907401197,-0.8443645866002121,437.7749620482309,0.1333821968625703,0.0273332478293706,(0.10955200877287023-0.12329829409254152j),(2750.6212093925456+0.8380650595662371j),(0.9980744416585965-0.06233311411977632j)
2529,4750,250,44100,0.1658492089795366,2.414028152958361,438.1574744668137,0.1017034522979645,0.0276054434929673,(-0.12385558412456645+0.11029847868534029j),(2753.024605800799+0.6390216371680105j),(0.9980665383575671-0.06238722628870474j)
2700,5000,250,44100,0.1668815181856018,-0.6268489314768011,437.8950085985507,0.0069314553095605,0.0278562905174577,(0.13515399213278254-0.09789197884659966j),(2751.3754841136924+0.043551618158402534j),(0.9980553940781125-0.06234906160969258j)
2856,5250,250,44100,0.1663074937161642,2.628697192797476,437.65518151738377,0.1471851277556667,0.0278031078172832,(-0.14490826830609035+0.08160745212713194j),(2749.8686061210406+0.9247914321497558j),(0.9980774680814837-0.062316203688092126j)
3027,5500,250,44100,0.1690869138315608,-0.4133145937011785,438.5014355212332,0.246928865969617,0.0288423131173754,(0.15484887573312903-0.06791325432688121j),(2755.185776844169+1.5514998225788148j),(0.9980841310617627-0.06243742949506328j)
3196,5750,250,44100,0.1706828286717154,2.8172499683817875,438.5934186912612,0.0602881116050344,0.0291950262928179,(-0.16178349563456035+0.05439419586353275j),(2755.763724146597+0.37880137703435546j),(0.9980567722293122-0.06244884911303771j)
3273,6000,250,44100,0.1712270118678017,-0.2376546341805689,439.2508398477546,-0.0207786111995762,0.0292970878962473,(0.16641430041387983-0.04031091925192549j),(2759.8944230977054-0.13055586459277455j),(0.9980393910048084-0.06254161110325711j)
3815,6750,250,44100,0.1693024053828579,3.108633745394885,439.17610219200526,-0.1830755735235493,0.0284779448644954,(-0.169210457983169+0.0055790122376432995j),(2759.424832557208-1.150297753666641j),(0.9980169790993081-0.06252953775315297j)
3988,7000,250,44100,0.1680621424230027,0.0312208683271777,439.1899679467584,-0.2959650834319727,0.0279503872258266,(0.16798024040967016+0.005246193641018912j),(2759.5119536637458-1.8596034636579513j),(0.9980008035643915-0.06253050362023287j)
4187,7250,250,44100,0.1663287194403964,-3.0397802239650296,439.16486595550487,-0.4614362170069945,0.0272172711899674,(-0.16546740115141223-0.016905089969583828j),(2759.3542332011207-2.899289258898879j),(0.9979774989566343-0.06252546024687167j)
4525,7750,250,44100,0.1594167795147874,-2.889056530992588,438.6216957563024,-0.2781991514623164,0.0251645337424927,(-0.1543603757249134-0.03983194693873125j),(2755.941394186194-1.747976820937855j),(0.9980083892517084-0.062449858286827614j)
4687,8000,250,44100,0.1580168667699036,0.3343359528723937,438.8664172397976,-0.5545354831976026,0.0244845015841822,(0.14926722312961904+0.051851965082820285j),(2757.479024615642-3.484249200336909j),(0.9979669192275997-0.06248219565978974j)
5028,8500,250,44100,0.0026243269406959,0.9940374013591042,443.9640025037614,-63.215353983018986,1.5260625726717592e-06,(0.0014310717905467731+0.0021998012232844954j),(2789.5080974482744-397.1937833342614j),(0.9890518311470368-0.06264520668462882j)
5285,8750,250,44100,0.1527960488763756,-2.5539563245794072,438.4841504988783,0.1058209094172795,0.0234344996269855,(-0.12716503287664224-0.08470942666382687j),(2755.0771718456745+0.6648923832430328j),(0.9980642190623685-0.062433716304866466j)
5433,9000,250,44100,0.1539274480328925,0.6842286659828446,439.51200987245016,0.2413502419520722,0.023897695851106,(0.11927942909446815+0.09729376677267962j),(2761.535402759548+1.5164482941174982j),(0.9980743375332923-0.06258108570226535j)
5609,9250,250,44100,0.155410210234356,-2.404188290350036,439.1597771278788,0.2777233288685569,0.024391871850068,(-0.11503716701033101-0.10449298374208657j),(2759.32225915415+1.7449871394079213j),(0.9980826492241925-0.06253132165434716j)
5778,9500,250,44100,0.1568300305926675,0.8054948306640684,439.49336978564986,0.2386525306639818,0.024805081719412,(0.10864470332343347+0.11310166636906882j),(2761.41828364004+1.4994980741891561j),(0.99807412011169-0.0625784110012363j)
5952,9750,250,44100,0.1582187169041458,-2.281316479392716,439.4529732431335,0.2558847694274513,0.0252617950930099,(-0.10319470050343676-0.1199333822036227j),(2761.1644646776404+1.6077714235975984j),(0.9980769307207131-0.06257282017985837j)
6122,10000,250,44100,0.1597065184439932,0.9156901684459312,439.7008345218248,0.1541116978327833,0.0256461336986639,(0.0973001468594751+0.12664459504702963j),(2762.721823022132+0.9683123554874444j),(0.9980602482025132-0.06260715865400657j)
6199,10250,250,44100,0.1614062878791971,-2.17436013483223,439.5633055511515,-0.2026267984799498,0.0258656114223975,(-0.09161101625237643-0.13288871836295613j),(2761.857703014286-1.2731417230500595j),(0.9980107479652558-0.06258442105694627j)
6367,10500,250,44100,0.1607379994898033,1.0253904925007162,440.07834904403256,-0.1266613499351096,0.0257209549543021,(0.0833852624154507+0.13741762074745156j),(2765.093816721315-0.795836732899813j),(0.9980169544753069-0.06265833434042016j)
6655,10750,250,44100,0.1591550068048819,-2.070333692650946,441.3112678202482,0.1338422848382955,0.0254509733771423,(-0.07623834981750004-0.13970694402271677j),(2772.840473860979+0.8409558775753235j),(0.9980429745972046-0.06283597833248798j)
6851,11000,250,44100,0.1600207041452143,1.0639323195359005,441.2838631735238,0.2811718786016196,0.0258637621452719,(0.07768011944983419+0.1399014824703073j),(2772.6682853873317+1.766655016421779j),(0.9980641699881709-0.06283340038910062j)
7411,11750,250,44100,0.1645320852505247,-2.1256112519418053,442.349003280241,0.3990546398425852,0.0274577002224219,(-0.08667319839943942-0.13985193511745686j),(2779.3607580559446+2.507334249820773j),(0.9980713860175817-0.06298592050740896j)
7607,12000,250,44100,0.1669834934640101,0.9682331190088228,442.729338854731,0.2691628129255628,0.0281514517035303,(0.09463891734289998+0.13757529725066509j),(2781.750476949378+1.691199831413024j),(0.9980495009075302-0.06303883790712363j)
7804,12250,250,44100,0.168335390663978,-2.2364060813543225,442.1910864693017,0.5998630589243898,0.0289485051187156,(-0.10395364256914452-0.13240258285471868j),(2778.3685374696943+3.7690507581535284j),(0.9981013585285284-0.06296526598360759j)
8013,12500,250,44100,0.1709598818836957,0.8540680785387114,442.3871296698591,0.7252211089491313,0.0299923415508824,(0.11230720931245236+0.12889674918374086j),(2779.6003132270093+4.556698616205668j),(0.998117426142452-0.06299426944918038j)
8612,13250,250,44100,0.1792062645086266,-2.4395038913703506,442.3558872273249,0.2697983823745786,0.0324242476772201,(-0.13682306939855157-0.11573388837974383j),(2779.404011171118+1.6951932320367722j),(0.9980529440321882-0.06298573946254957j)
8824,13500,250,44100,0.1807684692571129,0.6539585245115368,442.3243011300423,0.2936200993280888,0.0330200064776095,(0.1434726661729104+0.10996742035164958j),(2779.2055498687605+1.8448694939908585j),(0.998056614891962-0.06298146172782272j)
9208,14000,250,44100,0.1842945951661207,0.5551637731610686,442.6222202295147,0.2560682659910928,0.0342749259392139,(0.1566161509999482+0.09713845301118276j),(2781.077430777294+1.6089243665101884j),(0.9980486008606679-0.06302348826967444j)
9397,14250,250,44100,0.1855100640715561,-2.6409807730466137,441.7565107577556,0.4093229511831307,0.0349186041565504,(-0.162745947219408-0.08903786012416601j),(2775.638017744051+2.571851952765234j),(0.9980781596471062-0.06290175923300212j)
9522,14500,250,44100,0.1884980841306809,0.4716822676524875,441.86547897332366,-0.1856665406818792,0.0352985151504147,(0.1679150643022943+0.08565079626771509j),(2776.3226852350576-1.1665772804472447j),(0.9979925779041394-0.06291192135545252j)
9921,15000,250,44100,0.1880321129867707,0.4102682615738938,441.72074025335417,-0.0067654824372452,0.0353475908664296,(0.17242805340531747+0.07499761271615721j),(2775.4132650363654-0.042508779845681084j),(0.9980193133188733-0.06289294402842226j)
10226,15250,250,44100,0.1872735588813875,-2.75890795563176,441.6759875148746,0.2788550979921178,0.0354206442867157,(-0.17372721600803084-0.06993025292532218j),(2775.1320752874944+1.7520982545361983j),(0.9980603285932339-0.0628891396324937j)
10520,15750,250,44100,0.1903426988287196,-2.8077547243678755,441.44196939511977,-0.1057838033073405,0.0360947166107753,(-0.17983420675267958-0.06236987316834285j),(2773.661696075837-0.6646592386782572j),(0.9980077308078863-0.06285241782037516j)
10708,16000,250,44100,0.1896841283519916,0.3158115040760093,441.6797572992914,-0.0501439306666783,0.0359161384974033,(0.1803032331187691+0.058913603484879805j),(2775.155761541553-0.3150636084091056j),(0.9980135124154771-0.06288672784604939j)
10907,16250,250,44100,0.1922799671366678,-2.8265737946011247,442.0358111116606,-0.2463537135386982,0.0366503410310448,(-0.1828179730004856-0.059574948678717134j),(2777.3929136239967-1.5478860332754778j),(0.9979824218006883-0.06293559666552295j)
11224,16500,250,44100,0.1904279350037747,0.2760747438040901,442.5501628989926,0.2863529017965183,0.0366336974734323,(0.1832169620101756+0.05190706369622287j),(2780.624681216883+1.799208345236123j),(0.9980535542558754-0.06301351376229287j)
11415,16750,250,44100,0.1868002517749235,-2.9968167784745807,442.4389742652399,1.5001821555510777,0.0368192752624532,(-0.1848459971118265-0.02694979433890804j),(2779.9260624269623+9.42592247785153j),(0.9982271722128744-0.06300859874425514j)
11613,17000,250,44100,0.1947489160832448,0.1514094424155179,443.61596764340976,0.0463992548502426,0.0379896402279723,(0.19252088554926952+0.029374290509283564j),(2787.321329927327+0.2915351163391255j),(0.9980098539093433-0.06316290948398798j)
11804,17250,250,44100,0.1953226311315795,-3.0829013066051294,443.8114539092681,0.160185374390641,0.0383685602667357,(-0.19498631627433954-0.011457167971462453j),(2788.5496063607234+1.0064743907963372j),(0.9980242739180144-0.06319173054491933j)
12098,17750,250,44100,0.1968477589026916,2.9833604240586102,444.379424701273,-0.1490000053665506,0.0385449342250027,(-0.19438861439723687+0.031017846116946312j),(2792.118272095956-0.9361946444887902j),(0.9979751938164334-0.06326970539970786j)
12402,18000,250,44100,0.1961566466674657,-0.2798550382382843,444.6590078051811,0.0452774501676837,0.0385393021195363,(0.1885252682915515-0.05418166892430986j),(2793.874944546567+0.2844866096401463j),(0.9980002968624365-0.0633112109564895j)
12493,18250,250,44100,0.196067509580829,2.727626399208104,444.9349565115262,-0.0608366857721891,0.038359618501676,(-0.17950620217155674+0.07886692396165003j),(2795.6087814038096-0.3822481701813202j),(0.9979827186278616-0.06334949054633049j)
12710,18500,250,44100,0.1956611177339561,-0.5543661207299201,444.9403172886235,-0.133663169303599,0.0381023112159178,(0.1663577911132397-0.10299688504428069j),(2795.6424641597023-0.8398304614794311j),(0.997972315212305-0.06334959546705718j)
12916,18750,250,44100,0.194696196139408,2.456467190808462,444.7247353878687,-0.2105969248242494,0.0376248076172084,(-0.1507609871165193+0.12319794460463843j),(2794.287923128386-1.3232195037929282j),(0.997963321599785-0.06331824845386172j)
13309,19250,250,44100,0.1900661330602042,2.196429505093766,444.3985691341279,-0.7434636955562349,0.035188885269457,(-0.11130474979853597+0.1540661793150741j),(2792.238560115184-4.6713201683403724j),(0.9978904996016135-0.0632670687556705j)
13505,19500,250,44100,0.1848647504499312,-1.065118978575773,443.9651831816364,-0.6413274433468819,0.0334091094522555,(0.08954850862622378-0.16172829239726258j),(2789.5155158661514-4.029579169128176j),(0.9979089256684295-0.0632063716246437j)
13685,19750,250,44100,0.1812538630379223,1.972882683545376,443.77271937992737,-0.6899177277291209,0.0320618458662843,(-0.0709317336363185+0.16679823748923814j),(2788.306230135089-4.334880930030338j),(0.9979037500491804-0.06317857011289753j)
13992,20000,250,44100,0.1735324437231936,-1.2565163049909134,443.13767051919206,0.2938387102866457,0.0304296206687009,(0.0536444033372694-0.16503268468740281j),(2784.316100463976+1.8462430671536516j),(0.9980493406380816-0.06309712356080145j)
14083,20250,250,44100,0.1760814122732482,1.803615985446544,442.9068032879099,-0.4423516549723828,0.030523165749629,(-0.04062585921351784+0.17133068409162747j),(2782.8655188684747-2.7793774191290495j),(0.9979467360745794-0.06305768025682783j)
14321,20500,250,44100,0.1729804298450936,-1.403200575591286,442.2341122159495,-0.0178022020619595,0.0299033394079879,(0.028855258408245793-0.17055674472616653j),(2778.6388762088623-0.11185453443114625j),(0.9980131411206083-0.06296584308529297j)
14600,20750,250,44100,0.1351679380641777,1.719589560426572,440.6895340211405,2.4395638353918274,0.0199471439717656,(-0.02003794506232345+0.13367442626845533j),(2768.9340051894483+15.328231646460608j),(0.9983764592616627-0.06276818595589707j)
14786,21000,250,44100,0.1721988967920115,-1.4948744683701112,441.9322160900666,0.4175921581405393,0.0300961322861804,(0.013061104172630513-0.17170284684354406j),(2776.7420069064206+2.6238089124220507j),(0.9980777605632732-0.06292681900820382j)
14888,21250,250,44100,0.1749922119032479,1.6165338020894915,441.99209890502055,-0.1097947144446912,0.0305033062118433,(-0.008000911747636083+0.1748092092482481j),(2777.1182617294917-0.6898605366048622j),(0.9980022310423435-0.06293060568416838j)
15162,21500,250,44100,0.1750437672435179,-1.549352592649813,441.8004417605825,0.1691951711764408,0.0308249771281847,(0.0037533043437662753-0.17500352327112143j),(2775.9140443755423+1.063084613581548j),(0.9980436198557525-0.06290585411228401j)
15743,22250,250,44100,0.1787300466407908,1.5045210086373593,441.6986224066006,0.3081351322652914,0.032296195798845,(0.011836720958882163+0.17833766178000884j),(2775.2742945066166+1.936070135675117j),(0.9980642893893477-0.06289262067094605j)
15946,22500,250,44100,0.180497968034812,-1.671051120354408,441.8951730813606,0.5633685094050196,0.0332394428184437,(-0.018065488224033276-0.17959163287838142j),(2776.509258818385+3.5397487408212833j),(0.998098822569041-0.0629228582876683j)
16142,22750,250,44100,0.1837644295936262,1.43844338670473,441.921014092866,0.6524133200822123,0.0345631947864517,(0.024250816103861754+0.18215724938131747j),(2776.6716226821986+4.099233786948809j),(0.9981112535913027-0.06292733134526565j)
16535,23250,250,44100,0.192625266854579,1.372141083916752,442.3159354787239,0.2106103041851549,0.0373831165060449,(0.038014827573292116+0.18883687753023945j),(2779.1529869313117+1.3233035687967891j),(0.998044886120459-0.06297952728430678j)
17134,24000,250,44100,0.1972221941747599,-1.916264589264853,443.1085270944124,0.4574079567041907,0.0395346757190283,(-0.06678679340021282-0.18556971224427757j),(2784.1329869255997+2.8739789529508077j),(0.9980728621098008-0.06309444980353276j)
17235,24250,250,44100,0.2009615273995076,1.151622319905809,443.8377120240246,-0.0444257262340671,0.0403219520733778,(0.08179256929959132+0.1835633708072354j),(2788.7145909615556-0.27913507033467355j),(0.9979949433870945-0.06319362204411122j)
17526,24500,250,44100,0.2015823396819759,-2.0786762107276027,443.39166077383095,0.2994629609338833,0.0410702264069067,(-0.09803469895432479-0.17613812044130148j),(2785.91196830009+1.8815812761842703j),(0.998047856414062-0.06313329099925563j)
17734,24750,250,44100,0.2042095333739101,0.976674419643345,443.4622965545759,0.2080905691681508,0.04201091149071,(0.11431268770897375+0.16921626088984698j),(2786.3557859998277+1.3074716067599625j),(0.9980342281435098-0.06314251322600171j)
17943,25000,250,44100,0.2056594392066243,-2.2563011731658693,443.3317147165921,0.0340462489742832,0.0423469328012165,(-0.13019556532342455-0.15920087846773054j),(2785.5353161140233+0.21391889131979458j),(0.9980106546314979-0.06312237975623507j)
18050,25250,250,44100,0.205233914228362,0.798304932199516,443.5272893575387,-0.0886620294338383,0.0419887494874803,(0.14323719719908376+0.14698321294639552j),(2786.764147824476-0.557079960643417j),(0.997991447355882-0.06314908492089161j)
18207,25500,250,44100,0.2044702890561364,-2.438163675291423,443.2234524172073,-0.5733399901543113,0.0409691562015898,(-0.15593490800853896-0.1322588506341579j),(2784.8550840252074-3.6024014021560573j),(0.9979252660917659-0.06310152476183549j)
18442,25750,250,44100,0.1992970994950385,0.6255826098617078,443.0882478870816,-0.181631203040725,0.0394644949905091,(0.16155463300744805+0.11670233254294482j),(2784.0055689080573-1.1412225062708357j),(0.997982176333639-0.06308582199642974j)
19579,27000,250,44100,0.1870110482797656,-2.985799034055136,443.8688083162585,0.0241590453589379,0.0350031240530414,(-0.18474610147993722-0.029017411439712593j),(2788.9099747280275+0.15179575883476393j),(0.9980044155260787-0.0631986611847464j)
19675,27250,250,44100,0.1889723992392985,0.1055258565030731,443.8910947523965,-1.3722561365505854,0.0340272601757296,(0.18792120468855805+0.019904484486112962j),(2789.050004536119-8.622139594861663j),(0.997805676220622-0.06318925702920364j)
19891,27500,250,44100,0.185871045129203,3.098356671955427,443.442221618459,-0.2363279769029386,0.0342600070558185,(-0.185697343161749+0.008033813545874157j),(2786.2296514561754-1.4848924721520205j),(0.9979712162856569-0.06313566084649239j)
20090,27750,250,44100,0.1835932266479107,-0.1275080133875921,443.4641641844042,-0.3762224804394609,0.0332605752339712,(0.18210279133868867-0.023346225768829103j),(2786.367520664124-2.36387556132788j),(0.9979511279503781-0.06313752234581282j)
20397,28000,250,44100,0.1803014979733115,2.917963868820361,443.453614882642,0.469370308117619,0.0330560230945036,(-0.17581183153892727+0.03998537310502336j),(2786.301237446291+2.9491406235909787j),(0.9980714598168464-0.06314362927327412j)
20602,28250,250,44100,0.1066776103873175,-0.8326324272709916,448.761542027946,2.149474009599012,0.012293858891506,(0.0717866575212492-0.07891000164665558j),(2819.6519272972446+13.505543515276903j),(0.9982623516213288-0.06391370161527196j)
20896,28750,250,44100,0.1779289013865363,-0.5121771161181736,442.91038632581336,-0.0633550071152663,0.0315876441662846,(0.15509699743252384-0.08719871177967861j),(2782.888031759585-0.39807124984289993j),(0.9980005923373465-0.06306159480504246j)
21285,29250,250,44100,0.1764264964478801,-0.6622317290181965,443.2866936055263,-0.1589803450407993,0.0309514138170224,(0.13913380847911636-0.10848083695736513j),(2785.2524401304618-0.9989029680906912j),(0.9979836129515633-0.06311424232566556j)
21512,29500,250,44100,0.1754375356905752,2.39785064095189,443.2132811542889,-0.0072180910561716,0.0307704487928212,(-0.12911153518709143+0.11877937704338369j),(2784.791176095483-0.045352603670022154j),(0.9980058521460812-0.06310516838474416j)
21808,29750,250,44100,0.1740948749175585,-0.8526480130450266,442.4223628945717,0.3887596739184525,0.0307309202956269,(0.11455293640009216-0.1310978651034287j),(2779.8216901068477+2.442649071188348j),(0.9980692636826688-0.06299625991810871j)
22006,30000,250,44100,0.1775213806225402,2.241153501941102,442.83803879700577,0.2922265493601071,0.0318428243476763,(-0.11028798190611813+0.13910572103694574j),(2782.43345882957+1.8361135613072155j),(0.9980518041163623-0.06305450200778787j)
22330,30500,250,44100,0.1817963988477549,2.110881572443257,443.02516242587103,-0.1024857843160127,0.0329300578335128,(-0.093481363674185+0.1559203812194761j),(2783.6091912650827-0.6439371742091475j),(0.9979939969461038-0.06307756325345866j)
22529,30750,250,44100,0.1798484035462376,-1.093138386663325,443.2559111327401,-0.0181604846317042,0.0323246180147481,(0.0826764038658084-0.15971869177384368j),(2785.059028149733-0.11410569020918505j),(0.9980039129269502-0.06311113162233692j)
22729,31000,250,44100,0.179783121912963,1.9679069467061332,443.508726861623,-0.1354069171605442,0.0321672009168137,(-0.06953209775622307+0.16579281741496035j),(2786.647516222874-0.8507867523936149j),(0.9979849677433157-0.06314602497012528j)
23260,31500,250,44100,0.1805488391539959,1.7857381898164923,443.7306658869833,0.6186668558878263,0.0333239519192676,(-0.038509375555894024+0.1763941929717376j),(2788.0420002461074+3.8871984989533805j),(0.9980901968699213-0.0631843701681634j)
23460,31750,250,44100,0.1833992381508503,-1.4577446390568134,444.0688597050568,0.497876975367605,0.0342364502382418,(0.02068945669921404-0.18222850198529228j),(2790.166934674806+3.1282532964127485j),(0.9980699746323435-0.06323137432747478j)
23666,32000,250,44100,0.1860196288663284,1.5739974788405744,443.6803523215917,0.0641063961437715,0.0346821192649667,(-0.0005954760984693483+0.18601867576074912j),(2787.7258707912874+0.40279236634677923j),(0.9980117922784513-0.06317222386064052j)
23986,32500,250,44100,0.1863071237948683,1.3780408288470172,443.6453427439286,-0.1004988882163467,0.0345868841486788,(0.035689753740930905+0.18285673587436724j),(2787.505899127304-0.6314531378288335j),(0.9979887019863883-0.06316576435898186j)
24150,32750,250,44100,0.1868925192824821,-1.856376905465191,444.0514830276999,-0.1275944817917887,0.0347711818568039,(-0.052650344391117036-0.17932304648106362j),(2790.0577537909494-0.8016997732713601j),(0.9979811925351012-0.06322326898230989j)
24382,33000,250,44100,0.1860300472080168,1.1748413635455288,444.067076841269,-0.2486781799852908,0.0343036573969178,(0.07174982491848367+0.17163665426820665j),(2790.1557326112497-1.56249108669974j),(0.9979638355415366-0.06322439551353971j)
24774,33500,250,44100,0.1838430696180921,0.9516799141156124,443.98370299197416,-0.4945789141030282,0.0332121423251993,(0.10668703822784104+0.14972023951615177j),(2789.6318792663574-3.1075309663329813j),(0.9979296235036954-0.0632103263281467j)
24961,33750,250,44100,0.1808208951941504,-2.2962301955093576,443.8032174432492,-0.1978599014088138,0.0324677616720838,(-0.11996745476244632-0.1352922981423346j),(2788.4978551184504-1.2431904254118609j),(0.9979734373471572-0.06318733592019898j)
25285,34000,250,44100,0.180038662820845,0.7466799695371745,443.9707479900347,0.0661695481641702,0.0324901300546687,(0.13213899734577086+0.12228330013036237j),(2789.5504805885166+0.4157555328078264j),(0.9980094710773509-0.06321353449910697j)
25687,34500,250,44100,0.1800965938550059,0.5472273370891986,443.28442465763055,0.0826133502332302,0.0325300303892694,(0.15379717447365324+0.09370812260469016j),(2785.2381839103805+0.5190749883623135j),(0.9980179858086506-0.0631160922057922j)
26895,36000,250,44100,0.1803513080344137,0.1373226755412127,442.5871926134637,0.0713423823482654,0.0326090577409632,(0.17865348965695874+0.024688558951768372j),(2780.8573457747766+0.44825740854980944j),(0.9980226480901876-0.06301684885697104j)
27472,36750,250,44100,0.1850498487472365,3.107967226663109,443.04118966767896,0.7516052981002298,0.0351730078926621,(-0.18494524350914993+0.006221207657390207j),(2783.709893395325+4.722475365821697j),(0.998115303531996-0.0630875186540804j)
27760,37250,250,44100,0.1845796870389353,2.9940819801281364,443.9128274879783,-0.1263386426988748,0.0339174150663197,(-0.18257515427358606+0.02712883907150425j),(2789.1865553410116-0.793809103534582j),(0.9979826198860438-0.06320356509356638j)
28056,37500,250,44100,0.1862356876617026,-0.2469142185432396,443.2656229336882,0.0150965700097633,0.0347023136865323,(0.18058739056665352-0.04551841085927979j),(2785.120049194756+0.0948545468741529j),(0.998008554479348-0.06311281160591675j)
28155,37750,250,44100,0.1881947876770867,2.7889785289328115,443.1376605327948,-0.5157337331474927,0.0347771166194213,(-0.17661575079845393+0.06499349720335242j),(2784.316037717592-3.2404506145292036j),(0.9979342278367498-0.06308984465270666j)
28660,38250,250,44100,0.1903198938638474,2.6319706379932795,443.48457113839135,0.0188185426403959,0.0362458549427443,(-0.16613574867011208+0.09284705172576836j),(2786.4957413375805+0.11824039062066859j),(0.9980071144344209-0.06314397777025295j)
28861,38500,250,44100,0.1897329674155288,-0.5971078910576023,443.57029146910577,0.2614044954959967,0.0363345173707063,(0.15690255537016043-0.10667795949780756j),(2787.034338060052+1.6424528853311389j),(0.9980408375093504-0.06315834938555516j)
29257,39000,250,44100,0.1918412476271568,-0.7767300195252599,443.36216076223,0.1694639593905799,0.0370252150755623,(0.13682298937764703-0.13447131243840968j),(2785.7266142606372+1.06477345973937j),(0.9980296363610969-0.06312792691562728j)
29354,39250,250,44100,0.195266803931655,2.2833195019385,443.8905042724572,-0.2645494539709154,0.0377735050103034,(-0.1276547306944129+0.147761275200982j),(2789.04629444124-1.6622132422124383j),(0.9979631691125105-0.06319914647916616j)
29545,39500,250,44100,0.1933619111126866,-0.9629045243324637,443.8546234037722,-0.0248458846223764,0.0373558918791705,(0.11043637548458735-0.15872188141204027j),(2788.82084829431-0.15611129720319475j),(0.9979975751862451-0.06319620297148516j)
29870,39750,250,44100,0.1909638777590059,2.0687202515257743,443.2440059177826,0.336225593619596,0.0369056739571578,(-0.09120484056638978+0.16777627861535124j),(2784.9842254780333+2.11256770972838j),(0.998054411927517-0.06311262537048436j)
30071,40000,250,44100,0.1938493315739114,-1.158315243892591,443.40265819302977,0.1009785586492477,0.037712502608639,(0.07771100851066895-0.17759099782338914j),(2785.981067122817+0.6344669960451258j),(0.9980195338630049-0.0631330694269829j)
30157,40250,250,44100,0.1946086520334779,1.8958939274279296,443.274547695992,-0.0695248864087604,0.037779268621337,(-0.06215825171139655+0.18441496465978557j),(2785.1761251301336-0.4368377447668534j),(0.9979964417954595-0.06311331970553308j)
30349,40500,250,44100,0.1958915591535418,-1.323365784910684,443.30217722092266,-0.6581236683787776,0.0374913732391064,(0.04797650018684825-0.18992566539945815j),(2785.3497265552223-4.135112963464666j),(0.9979125037741954-0.0631119554972531j)
30541,40750,250,44100,0.1911983102721725,1.7352376463565553,443.0874767303841,-0.5757002145286979,0.0358202474473676,(-0.031299395266629275+0.18861903855888268j),(2784.000723587626-3.6172311292668504j),(0.9979261528086047-0.06308217047882622j)
30766,41000,250,44100,0.1876889959966093,-1.4791981820361892,443.4427196875896,-0.5714660423683021,0.0345225522129091,(0.017167933181441906-0.18690217036859894j),(2786.2327809168187-3.590627040960583j),(0.9979235607326093-0.06313271706401945j)
30945,41250,250,44100,0.1847144771844482,1.5764176227953912,443.7046875156713,-0.1909244333031702,0.0338893780312808,(-0.0010383292834544849+0.1847115587986393j),(2787.8787733251756-1.1996135941120678j),(0.9979753104168378-0.06317338865115033j)
31156,41500,250,44100,0.1833636632812691,-1.6610686467312412,443.7396084961643,-0.2121224805951686,0.0333704807226724,(-0.016530190906236468-0.18261704685086233j),(2788.0981883167215-1.3328048533980505j),(0.9979719820023478-0.06317816316176249j)
31376,41750,250,44100,0.18177483055845,1.3888105531807975,444.2806454826764,-0.2226167840135779,0.0327825050675597,(0.03289813779997117+0.17877304481897527j),(2791.497623961015-1.3987425064456844j),(0.9979656168228488-0.06325499677530831j)
31702,42000,250,44100,0.1803336775111447,-1.8707151222417453,444.0702880452782,0.0746697762336298,0.0326065346901042,(-0.05327825560338664-0.17228366934957517j),(2790.1759092010984+0.4691640409215308j),(0.9980097831454244-0.06322776489132965j)
31908,42250,250,44100,0.18054239264529,1.1610393928912035,444.0526306198246,0.1276732019266459,0.032743641468268,(0.0719256329927395+0.16559667527060987j),(2790.0649643249258+0.8021943864660741j),(0.9980174789165844-0.06322573160169483j)
32122,42500,250,44100,0.1813333792725567,-2.090107447968956,443.49855290917657,0.2140412707449374,0.0331327514827183,(-0.08999252798812805-0.15742661574432348j),(2786.5835913943465+1.3448609674746388j),(0.99803474812249-0.06314772226445743j)
32337,42750,250,44100,0.1819199948759983,0.9597308991308816,443.330594175773,0.3983473838556816,0.0335670269243021,(0.10437485253230906+0.14899924393949784j),(2785.5282755484127+2.5028904293954453j),(0.9980624669151551-0.06312549681193096j)
32642,43250,250,44100,0.1836590018719177,0.7930676402866783,443.42717426479777,-0.6811367658975361,0.0329285497298233,(0.1288667076840868+0.1308587047897586j),(2786.1351061447394-4.279708519667221j),(0.9979081076940375-0.06312952038179051j)
33037,43750,250,44100,0.1784621758683631,0.6144661978924735,444.03438369150666,-0.3076978433469335,0.0315036073772051,(0.145818108835469+0.10288744992134798j),(2789.9503154930176-1.9333225683682986j),(0.9979557383064948-0.06321921540788594j)
33532,44250,250,44100,0.1783476069343249,0.3925097885922209,443.76068402269175,0.6202950964233511,0.032518233328081,(0.16478462014904727+0.06821948300547784j),(2788.2306097553396+3.897429035962744j),(0.9980901581719963-0.06318865351806134j)
33748,44500,250,44100,0.1822431310769717,-2.847811884926717,443.3242433063036,0.4314204167836349,0.0337261236282915,(-0.17443509000627624-0.05277270316404675j),(2785.488371858675+2.7106944239522286j),(0.9980672270237761-0.06312489117015038j)
33960,44750,250,44100,0.1846530179417213,0.211644954390965,442.99678608083343,0.0888976148151538,0.0342044973821586,(0.18053279691962532+0.03878977018961279j),(2783.430897430871+0.5585601872498849j),(0.9980214651501279-0.06307524830077395j)
34150,45000,250,44100,0.1844397655605251,-2.993112671947519,442.6114901624607,0.083832932136654,0.034119401369663,(-0.1824103903678843-0.027285098604504378j),(2781.010011777635+0.526737847458808j),(0.9980242060156724-0.06302041597663767j)
34364,45250,250,44100,0.1838054525854464,0.0960502204328307,442.45842178725474,0.0489983463118037,0.0338432397898566,(0.1829582423113503+0.01762742098215256j),(2780.048254811547+0.30786568962242233j),(0.9980206268861326-0.06299833783582917j)
34464,45500,250,44100,0.1827767943136426,-3.096205960146631,442.3626199343529,-0.0778217090763239,0.0333152940062996,(-0.18258857092172695-0.008292786524028766j),(2779.4463140169937-0.4889682190479626j),(0.9980034538020517-0.06298357734849473j)
34745,45750,250,44100,0.172358369444399,0.0179136605676011,440.78702852326086,0.6088399320152215,0.0303584321321972,(0.1723307153494814+0.003087404195755939j),(2769.5465812127018+3.8254541152622576j),(0.9981152109801211-0.06276568045450479j)
34952,46000,250,44100,0.1793867337666533,3.1078974516388578,441.7571687488482,0.2487896428959121,0.0324653053020795,(-0.1792849085451836+0.0060433285045009555j),(2775.642152024016+1.563191428822051j),(0.9980553258472349-0.06290041411836034j)
35031,46250,250,44100,0.181060137000095,-0.0610405581388736,441.339800691715,-0.0548538477301411,0.0327190600670033,(0.1807229312355807-0.01104514989091464j),(2773.019751179751-0.34465689010028916j),(0.9980158874835117-0.06283834621227372j)
35352,46500,250,44100,0.180755608417937,3.0710877591045445,442.35825973282897,0.2471975733056524,0.0329608047941747,(-0.18030653183663306+0.012733599317704097j),(2779.4189180628423+1.553188160564524j),(0.9980497089466427-0.06298587400992083j)
35547,46750,250,44100,0.1826545646821406,-0.1150338435372243,441.8154601304586,0.0374889749518172,0.0334071010632793,(0.18144738245559436-0.020965147250509714j),(2776.0084075764858+0.23555017659848193j),(0.9980247571867485-0.06290680922668113j)
35943,47250,250,44100,0.183919254673034,-0.2228918610004496,442.2523413285859,0.3445576724186497,0.0342431716286146,(0.17936951161706557-0.040655510594994594j),(2778.7534131015423+2.164919704816857j),(0.9980645038606012-0.06297168612217555j)
36141,47500,250,44100,0.1859235859416942,2.872294375286208,442.8198640677456,0.2540161038765177,0.0348809727090993,(-0.17922249650594313+0.04946591306744222j),(2782.3192636377207+1.59603025166394j),(0.998046533944165-0.06305157433435432j)
36341,47750,250,44100,0.1872888411835065,-0.3330225813235887,442.8066503682361,0.2665341279429515,0.0354108934774069,(0.17699892575502496-0.0612249157894718j),(2782.236239515109+1.674683316553077j),(0.9980484326793526-0.06304980782899083j)
36543,48000,250,44100,0.189078132451592,2.737743650630248,443.6291866695562,0.5102923183851464,0.0364056440320188,(-0.1738677993170748+0.07430025929981113j),(2787.4043875181856+3.2062611972441597j),(0.9980756991451487-0.06316896405160151j)
36745,48250,250,44100,0.1926389731399387,-0.4930304413807333,443.9178287145562,0.3826310790407172,0.0376181162156583,(0.1696961732913971-0.09117556000741736j),(2789.2179789743636+2.404141973898905j),(0.9980549470759233-0.06320885969109975j)
36958,48500,250,44100,0.1956130166889618,2.54381217931274,443.6643201096239,0.242759814605666,0.0385959000168109,(-0.1616911413084159+0.11009281139355982j),(2787.6251374326093+1.5253049003039614j),(0.9980373400925361-0.06317155213432506j)
37080,48750,250,44100,0.1973696294340521,-0.6994699944423955,443.5377829264776,-0.2205394179389037,0.0386515765921489,(0.15102398755434557-0.12706898050318943j),(2786.8300808626527-1.385690030447658j),(0.9979726015151562-0.06314939045133754j)
37253,49000,250,44100,0.1977140156292947,2.34567362251243,444.1537782890388,-0.1987747606986746,0.0388164640297504,(-0.13832634190679477+0.14126802579120837j),(2790.7004938739883-1.2489386558600506j),(0.9979701500380143-0.06323717283610766j)
37466,49250,250,44100,0.1958643850026427,-0.9064999055677482,444.2070376058878,-0.0462652619186387,0.0382999602213576,(0.12075143576367806-0.15421396847715776j),(2791.0351320310842-0.2906932139200063j),(0.9979913551953687-0.06324611985332272j)
37682,49500,250,44100,0.1954032337233063,2.1184218377169377,444.6226698436998,-0.2666565800441949,0.0378234883482322,(-0.10173893045014547+0.1668280964957209j),(2793.6466264008945-1.6754527057964428j),(0.9979562714046706-0.06330323057413005j)
37997,49750,250,44100,0.1940391074423032,-1.1455645896182365,444.3302773453106,0.0954922028806406,0.0377790163020537,(0.08004732015670613-0.17675859739411687j),(2791.8094701510863+0.5999952060898537j),(0.9980104011514824-0.06326492101167328j)
38095,50000,250,44100,0.195144450430134,1.8869033787335023,444.3191575330169,-0.1343061069677296,0.0379004860908616,(-0.060664333257597514+0.18547559193621727j),(2791.7396023098636-0.8438701579641289j),(0.997977826342449-0.0632612686061025j)
38298,50250,250,44100,0.1951137183325501,-1.3701896722811493,444.2073170885481,-0.3332470075468322,0.0376228240345697,(0.03887911187611609-0.19120088321259968j),(2791.036888072429-2.093852701479821j),(0.9979505476704322-0.06324357363864738j)
38511,50500,250,44100,0.193219440318386,1.6569448397118032,444.2772154983126,-0.2017255641904608,0.0370678452823229,(-0.01662498572530533+0.19250288820322606j),(2791.4760727336566-1.267479101004016j),(0.9979686181784486-0.06325469735649632j)
38741,50750,250,44100,0.1924304163992709,-1.5985982661247886,444.143249597034,-0.2948155855411107,0.0366448649417383,(-0.005349249584667244-0.19235605185300966j),(2790.63434015108-1.8523809553994532j),(0.9979565892667136-0.06323481051718575j)
38935,51000,250,44100,0.1899152338086232,1.4289516062541734,443.6532852037806,-0.4344413564188371,0.0355175821274458,(0.02684823075501433+0.1880078948818627j),(2787.555803074349-2.729675547482007j),(0.9979411485953669-0.06316388836203424j)
39372,51500,250,44100,0.182801422588729,1.244353438627317,443.6269607200976,-0.8965554263355716,0.0323757253394707,(0.058619993711961096+0.17314749908004082j),(2787.3904014652526-5.633223881823794j),(0.9978756830950881-0.06315598714685211j)
39562,51750,250,44100,0.1756973386067024,-1.9762602665648636,444.18091082063785,-0.3895070394551632,0.0304468991336026,(-0.06930295888318838-0.1614517100668598j),(2790.870972597878-2.447344907347701j),(0.9979427863635241-0.06323931218395373j)
39770,52000,250,44100,0.1730626633984177,1.049749627624592,444.0161068114626,-0.1102148129621981,0.0298338825273643,(0.08614855362259494+0.1500970092016791j),(2789.8354784688636-0.6925000934376296j),(0.9979839823720598-0.06321839544021404j)
40080,52250,250,44100,0.1721507814065805,-2.1878087358312874,444.2116091386229,0.2219812979564246,0.0298705102659943,(-0.09960662032564423-0.14040802230000687j),(2791.063855818397+1.394749629788461j),(0.9980294566190474-0.06324918713095472j)
40289,52500,250,44100,0.172040484449277,0.839691812688512,444.1039419756661,0.0738764911232998,0.0296756368525516,(0.11487010395100228+0.1280733676758281j),(2790.387363082041+0.46417968357190076j),(0.9980093671658821-0.06323254307355644j)
40505,52750,250,44100,0.1720340276984329,-2.4101209263982897,444.27694272181634,0.1501909442385657,0.0297539627091502,(-0.12802637217319732-0.11491281353406654j),(2791.474358828383+0.9436775341111844j),(0.9980186596449172-0.0632578302145642j)
40706,53000,250,44100,0.1727467365264012,0.6105867344947636,444.4443321367506,0.3819423515823925,0.0302494705747507,(0.1415334319914476+0.09904404378479392j),(2792.526097540875+2.3998145716521084j),(0.998050104781073-0.06328372142354388j)
41011,53500,250,44100,0.1709500631130885,0.3294025749587349,445.3956729227591,-0.0100681177798462,0.0292134883244837,(0.16175906393591147+0.055298547114247455j),(2798.5035479896446-0.06325984970528328j),(0.9979857768557792-0.06341545766024287j)
41525,54000,250,44100,0.1717011114073116,0.0086215878215698,445.4256854949961,0.2370652042447578,0.029730615120981,(0.17169473002251556+0.0014803178717906918j),(2798.692122542555+1.4895246081541904j),(0.998020645897069-0.06342195819523898j)
41950,54500,250,44100,0.1637086852820251,-0.2730654990321094,444.6375170664755,1.3078820725756917,0.0280835088514315,(0.15764306637080922-0.044149714177758696j),(2793.739914252891+8.217665421931171j),(0.9981800378429593-0.06331954473892394j)
42358,55000,250,44100,0.1726783735769536,-0.56071791229601,444.3010899535827,0.2005350617909599,0.0300309647571773,(0.14623674682601837-0.09182937753750135j),(2791.6260803602263+1.2599989538193097j),(0.9980256006405477-0.06326171755850711j)
42459,55250,250,44100,0.1743444426815263,2.4656640833105032,444.6386729873866,-0.2778650313110133,0.0300983143141012,(-0.1360106943326729+0.10907371691235364j),(2793.7471771181763-1.7458774821123546j),(0.9979545333983091-0.06330540488113935j)
43013,55750,250,44100,0.1587523917916402,2.1902931113416595,443.6356538531103,0.9814364514808228,0.0261005845489896,(-0.09217569174528176+0.12925155221832058j),(2787.4450220308713+6.166547091874777j),(0.9981426406769168-0.06317412422191131j)
43214,56000,250,44100,0.1682117556917771,-1.0290648093568542,443.64567348695374,0.0570988888421957,0.02835258906274,(0.08673340564261209-0.14412671889189818j),(2787.50797724702+0.3587628994295645j),(0.9980111079783047-0.0631672297204708j)
43422,56250,250,44100,0.1710967440187611,2.025145177740148,443.81751984572935,0.0905612436447654,0.0293683496556602,(-0.07509048028111567+0.15373846488427298j),(2788.587719763571+0.5690130754687008j),(0.9980143191948724-0.0631919662347693j)
43750,56750,250,44100,0.1715685210860279,1.8620743363057144,443.2462176281456,-0.0805059082787666,0.0293518471005513,(-0.04927047073481597+0.16434165065867037j),(2784.99812206409-0.505833540038294j),(0.997995135139768-0.06310919270504423j)
44054,57000,250,44100,0.1709249337807646,-1.3550997297004974,443.3753518047112,0.1926465786504196,0.0294159176741403,(0.036582710685494346-0.1669641825867458j),(2785.8094960249414+1.210434152454733j),(0.9980328141769538-0.06313001113327217j)
44270,57250,250,44100,0.1704976199892016,1.7096684379591485,443.8720767382403,0.3257255843712251,0.0294079612988487,(-0.023601332964879516+0.16885619770758517j),(2788.9305108290014+2.0465942058937663j),(0.9980472672251111-0.06320184139557235j)
44369,57500,250,44100,0.0676045193859912,0.1659274187173354,446.1438618098247,-7.835526651518634,0.0035063157925179,(0.06667601190672211+0.01116604126920175j),(2803.2045574118506-49.232065930835944j),(0.9968669455939999-0.0634510579330743j)
44670,57750,250,44100,0.1703653536979182,1.501953943482045,443.8921302017012,0.4657126395025895,0.0295092263201251,(0.011719095195104222+0.16996180908787975j),(2789.056510455977+2.926158813890494j),(0.9980669926686649-0.06320595356648778j)
44870,58000,250,44100,0.1738244924240955,-1.7428402458803325,444.0873475159824,0.3996381189072793,0.0306474205420592,(-0.029758135989795136-0.1712583063939011j),(2790.2830970167756+2.5110003569071058j),(0.9980558385219422-0.06323311825116555j)
45080,58250,250,44100,0.1757047677397659,1.2867072979919332,443.9691241164123,0.4321987428740364,0.0313504108765543,(0.04924707885460336+0.16866206043676088j),(2789.5402774896315+2.7155847910076334j),(0.9980615335770796-0.0632166002770342j)
45497,58750,250,44100,0.1798285590891089,1.0770732772005205,444.1762150232492,0.1075227022865187,0.0324619809791649,(0.08522211867013611+0.158352458627703j),(2790.84146803272+0.6755850631948995j),(0.9980135002355643-0.06324312290917936j)
45697,59000,250,44100,0.1806484754101435,-2.1761790337903806,444.2905216427194,0.2273390236882886,0.0328984938050092,(-0.10280285846208628-0.14854441746505823j),(2791.5596777046885+1.428413213386807j),(0.9980295072794524-0.06326045638819508j)
45904,59250,250,44100,0.1810413836476049,0.8452843662932075,444.4423797479235,0.3495519570766258,0.0331858214899846,(0.12012431779466089+0.1354478898595567j),(2792.513830320083+2.1962997207997246j),(0.998045516544351-0.06328315175479073j)
46107,59500,250,44100,0.1835596368930691,-2.4191723732939154,444.62107701034125,0.1068834550198235,0.0338222276473396,(-0.13770784071220749-0.12137005768597413j),(2793.6366183337395+0.6715685541611458j),(0.998009398853407-0.0633063732008109j)
46311,59750,250,44100,0.182145462512827,0.6058139522845905,444.3968834397332,0.0864693080354612,0.0332789529715869,(0.1497306520067363+0.10371933939072944j),(2792.2279685849307+0.5433026857703961j),(0.9980085177522383-0.06327431054640723j)
46524,60000,250,44100,0.1794448130144366,-2.664180234666775,444.0035525754178,0.4438171934508703,0.0327128141288356,(-0.15938052196994304-0.08245174427733254j),(2789.756597877404+2.7885856689641884j),(0.9980628756141967-0.06322160064558198j)
46727,60250,250,44100,0.1832548482045212,0.3634693025137915,444.4520080627741,0.301187720532956,0.0339437444523996,(0.17128263451216266+0.06515058330540882j),(2792.5743268064853+1.8924182603555808j),(0.9980385524874896-0.06328408480055092j)
47028,60750,250,44100,0.1849115065496886,0.124474830548262,444.1280434370191,-0.2457827837943725,0.0338958544614338,(0.18348084728900646+0.0229574374132618j),(2790.5387970298952-1.5442987758944982j),(0.9979636980037905-0.06323309017764611j)
47242,61000,250,44100,0.1837080322058712,-3.1325116438036664,444.4015626096387,-0.4582718724251373,0.0332058704958316,(-0.1837004575404853-0.0016682315096517818j),(2792.257368676531-2.8794070955153006j),(0.9979310206752107-0.06327006515108886j)
47531,61250,250,44100,0.1829113024696311,-0.1105492335897895,444.3698983511073,0.1151816429216698,0.0335936299864346,(0.18179474861258832-0.020179542810051555j),(2792.0584162725636+0.7237076064622415j),(0.9980128436941889-0.06327073230730353j)
47941,61750,250,44100,0.1844179319402956,-0.35975669115486,444.6169102852504,0.022887252061437,0.0340376033207897,(0.17261195834917492-0.06492368948233147j),(2793.61043802787+0.1438048458741371j),(0.9979974928979211-0.0633050231217749j)
48060,62000,250,44100,0.185241849043227,2.6440847535090297,444.40698841747815,-0.5365563125643525,0.0336695876996729,(-0.16278583399331187+0.08840426962571224j),(2792.291460032627-3.371282739578797j),(0.9979198412607544-0.06327013090190536j)
48248,62250,250,44100,0.181457099837626,-0.6228640553103821,444.5322969015109,-0.14750310095278,0.0327549780462279,(0.1473814532523011-0.10585549734766708j),(2793.078796458367-0.9267893166699346j),(0.9979740283683436-0.0632914553793374j)
48476,62500,250,44100,0.1802417178764817,2.392881792917526,444.3770954915255,-0.1037093065499646,0.0323678422740172,(-0.13203913237198756+0.12268962623432347j),(2792.103637239493-0.6516247911325213j),(0.997981654599142-0.06326978248339865j)
48778,62750,250,44100,0.1798099391065687,-0.8662799869736192,444.2139600059604,0.3057890549816895,0.0326849135819311,(0.11645667480022914-0.1370016682233528j),(2791.078626753511+1.9213292973572822j),(0.9980413525576841-0.06325027665338093j)
48877,63000,250,44100,0.181831145744739,2.1611982338812314,443.967781191223,-0.1345316716922153,0.0329052693732478,(-0.10122447857352888+0.15105022509205907j),(2789.531839641814-0.8452874229268351j),(0.9979809600456727-0.06321130508522244j)
49183,63250,250,44100,0.1815487425002643,-1.0843481587686183,444.0167219092285,0.2791447373772366,0.0332885207454954,(0.08487204518640415-0.16048888388079793j),(2789.839343242109+1.7539181124651573j),(0.9980393408656278-0.06322199000073961j)
49272,63500,250,44100,0.1817888262964593,1.9512999577070496,443.7010424697357,-0.1976329498874223,0.0328165543391454,(-0.06751421162956811+0.1687868732878305j),(2787.855870826109-1.2417644469472116j),(0.9979743893585797-0.06317280999087638j)
49592,63750,250,44100,0.1809315317388683,-1.2882106900222663,444.1459872479452,0.0103597067681509,0.0327482535440098,(0.050450887207198064-0.17375536583766182j),(2790.651541319061+0.06509195735233475j),(0.9979999568078965-0.06323794930261582j)
49677,64000,250,44100,0.1792966980168227,1.741067655850859,443.9009073704715,-0.2774043670823658,0.0318330032198247,(-0.030381782559003027+0.17670385736670602j),(2789.111659033833-1.7429830433993734j),(0.997961247655817-0.06320050989766086j)
49890,64250,250,44100,0.1797897969972303,-1.5148540511323476,443.8417222148992,-0.2293055376164179,0.0320628369475156,(0.010052605134585146-0.1795085408394637j),(2788.739787733938-1.4407691848063928j),(0.9979686195334795-0.0631925276833001j)
50220,64500,250,44100,0.1778981732478516,1.5111972321677778,443.9256005307485,0.2492448176720974,0.0319292602976268,(0.010596294362567135+0.17758231497168986j),(2789.2668107356735+1.5660513762879773j),(0.9980359099084135-0.06320876358237909j)
50425,64750,250,44100,0.1789709835060095,-1.7339945199251792,444.2223532761823,0.1594251129833242,0.0322124594519034,(-0.02907826221579849-0.1765929432441104j),(2791.131363225648+1.0016975274922681j),(0.9980204646546463-0.06325015115957232j)
50520,65000,250,44100,0.1813180122464358,1.2916026371555518,444.7705785632778,-0.0318222338737726,0.0328391342211051,(0.04996773564557569+0.17429700789013133j),(2794.575964294551-0.1999449923173208j),(0.9979883275266233-0.06332637966614413j)
50834,65250,250,44100,0.1810687395250566,-1.9865925779823608,444.8397005373004,0.3591498678455996,0.0332072040736193,(-0.07313700731958671-0.16564077575744307j),(2795.010270466133+2.2566051727229617j),(0.9980432973672195-0.06333973624801012j)
51130,65750,250,44100,0.1852638724409367,-2.270318873794611,445.0299264712813,-0.1999147293407063,0.0340804256572446,(-0.11928259587515361-0.1417545934109243j),(2796.2054952595663-1.2561012900823096j),(0.997962086281591-0.06336173862929391j)
51346,66000,250,44100,0.1833192759650372,0.7333392107680966,445.13239310901446,-0.018195567985432,0.0335842731470487,(0.1361958523582471+0.12270552856638543j),(2796.849312132247-0.11432612542185394j),(0.9979869992968593-0.06337794876450431j)
51535,66250,250,44100,0.1833979294382015,-2.56314843951238,445.4268350436116,-0.3221262509375192,0.0332533426702704,(-0.15356169885534887-0.10026766760466066j),(2798.699345369526-2.023978926947465j),(0.9979411250935435-0.06341706893352152j)
51950,66750,250,44100,0.1805720308709611,-2.892578617878672,445.37552544030245,-0.2054896654397796,0.0323697103632231,(-0.17500244587715988-0.04450171086458441j),(2798.3769576238965-1.2911296466684723j),(0.9979581724985696-0.06341082734913939j)
52155,67000,250,44100,0.1794757060325063,0.0922475450678527,445.4515823440887,-0.2242031155804633,0.0319566764095076,(0.17871261330501245+0.016532722146086885j),(2798.8548372442756-1.4087097216390536j),(0.9979548245374461-0.06342147239669073j)
52494,67250,250,44100,0.1782771105411659,3.075269233781349,445.5329507367037,0.2311198221624425,0.0320447581124955,(-0.17788515192988874+0.011815281028714594j),(2799.366089933223+1.452168670809018j),(0.9980188311257261-0.06343715690926244j)
52890,67750,250,44100,0.1773029395072936,2.7452652093102525,446.03438097158346,0.0668424610789271,0.0315109966845533,(-0.1635592914909294+0.06844479910783724j),(2802.516669017595+0.41998356934683834j),(0.9979909377123355-0.06350697047836162j)
53081,68000,250,44100,0.176067565665425,-0.539155746604115,444.94630100261867,0.0192513879919366,0.0310209693178757,(0.15109104982349503-0.0903951455697865j),(2795.680060943559+0.12096003817374992j),(0.9979940038961028-0.06335182648107951j)
53199,68250,250,44100,0.1754158088245544,2.4578137422656137,444.14151920260434,-0.0857447288129613,0.0306772938134801,(-0.13598075966126597+0.11081488612780166j),(2790.6234677622238-0.5387500202456967j),(0.9979863319811202-0.0632364481123123j)
53396,68500,250,44100,0.1749818962212486,-0.7950842606688752,444.03638780988126,-0.1002008784147794,0.0305100795330821,(0.12252663055133575-0.1249235318541719j),(2789.962907740143-0.6295806870222304j),(0.9979852235633361-0.06322136936783715j)
53704,68750,250,44100,0.1744211136601223,2.247207258545612,443.93019646208944,0.3930393982767547,0.0308509079318909,(-0.10918730643524402+0.13601785545969117j),(2789.2956878239474+2.469539372395211j),(0.9980563157444519-0.06321071210630372j)
54120,69250,250,44100,0.1719527228734144,2.070184770144176,442.84080924804726,0.052690848629923,0.0296230785530275,(-0.08234622581116845+0.1509530986705384j),(2782.4508660868482+0.3310663659343561j),(0.9980177182431494-0.06305274405697973j)
54217,69500,250,44100,0.1724919536915164,-1.1410388363523487,442.8405217896461,-0.1569297939579421,0.0295884413623353,(0.07186883413546336-0.1568067114900555j),(2782.449059932446-0.9860189756552618j),(0.997987914592378-0.063050820085889j)
54527,69750,250,44100,0.1723634695985486,1.9404790832201468,443.0588938610274,0.1800519566011978,0.0298997485914416,(-0.06227830659711317+0.16071894157020125j),(2783.8211321228473+1.131299808245583j),(0.9980338686411616-0.06308489894650232j)
54737,70000,250,44100,0.1734429239939839,-1.26759787843509,442.8562741233304,0.5328912862875979,0.0306584105638314,(0.05178559689545978-0.16553156749624476j),(2782.548034764005+3.3482547003262653j),(0.9980858629857894-0.06305925723615445j)
54939,70250,250,44100,0.1761953843309497,1.8030939244459625,443.0270069329817,0.4109383911777934,0.0315018449605689,(-0.040562646577796194+0.17146278069055065j),(2783.6207806450593+2.5820020616043293j),(0.9980669868477546-0.06308243987038668j)
55151,70500,250,44100,0.1709360809810372,-1.407172876560407,443.4574442879033,1.0693380875083964,0.0303562443161971,(0.027844516990008776-0.16865297701122517j),(2786.325298309164+6.7188493598402745j),(0.9981567450796079-0.06314957167186429j)
55343,70750,250,44100,0.1790882587393519,1.6478432577277828,444.2054109539364,0.1566100779165101,0.0322514622269386,(-0.013784553205517275+0.17855696713154973j),(2791.0249114754433+0.9840101405212668j),(0.9980202170489261-0.06324771669879242j)
55538,71000,250,44100,0.1800197644653529,-1.606735091842315,443.8454084890959,0.3593411048383416,0.0328237874546891,(-0.006468295406346667-0.17990352067899443j),(2788.762949277809+2.257806750185947j),(0.99805228741874-0.06319835191449207j)
55744,71250,250,44100,0.1775332461992201,1.3897550974581987,443.42195167234894,0.7060258997198914,0.0323208724536251,(0.03196555035896768+0.1746317757347763j),(2786.1022916285992+4.436091559608269j),(0.9981053979222488-0.0631412556722622j)
55940,71500,250,44100,0.185069723126958,-1.8287122301034395,443.7964506104997,0.5527280425700042,0.0349313057886796,(-0.04720498379895309-0.17894829399250914j),(2788.4553378543424+3.4728927159419833j),(0.9980802279183898-0.06319313131758846j)
56144,71750,250,44100,0.1884942120940956,1.2115462147512293,443.4731819412966,0.4915144501716538,0.0361568931741785,(0.06626934679971833+0.17646087857571316j),(2786.4241809017344+3.088276371584988j),(0.9980744327045259-0.06314661095763505j)
56340,72000,250,44100,0.1925555266951881,-2.015990152042446,443.7663495317275,0.6112217020711519,0.0378933956577295,(-0.08292072965020508-0.17378660320962286j),(2788.266207198471+3.84041921788276j),(0.9980888168960894-0.06318937748721087j)
56541,72250,250,44100,0.1957325861340735,1.0222081999582358,443.4440150791778,0.5931879825479429,0.0391289300225571,(0.10207122636920847+0.16701110748156342j),(2786.240920102213+3.727110016340736j),(0.9980891533447023-0.06314337807508687j)
56924,72750,250,44100,0.2025378337761669,0.8462830151294963,443.1852374337717,0.3675346543925585,0.0415611371586793,(0.13423621846886+0.15166480066885238j),(2784.614972202771+2.3092883403586506j),(0.9980593924589436-0.06310455006393426j)
57204,73250,250,44100,0.2080149158697184,0.6966057325055341,442.9695225570409,-0.0383033632137014,0.0432114600283981,(0.15955252110157708+0.13346609395054926j),(2783.2595956587556-0.24066712895989203j),(0.9980036230998943-0.06307022855535792j)
57695,73750,250,44100,0.2057153700398812,0.5527539839709701,443.09106059793226,0.0021398110655757,0.0423220261809099,(0.17508061126305235+0.1080073748889455j),(2784.023241691548+0.013444829447365652j),(0.9980082814939962-0.06308787373511776j)
58062,74250,250,44100,0.2060614847713021,0.4114535654400679,442.8480042758736,0.1998203802066095,0.0427637712156372,(0.18886368585777435+0.08241264266099904j),(2782.4960737799715+1.2555084769892075j),(0.9980385746768108-0.06305508891516189j)
58253,74500,250,44100,0.2070717871119214,-2.794911485033547,442.4337020784231,0.1851772045268002,0.043161654347779,(-0.19475216655148136-0.0703585008455195j),(2779.8929363002185+1.1635026907073802j),(0.9980402127452112-0.06299604509498856j)
58334,74750,250,44100,0.2091465475056906,0.2990542393969295,442.7561348415701,-0.2636334935358748,0.0433357100492289,(0.19986369369372922+0.061618035319614683j),(2781.918841100177-1.6564580930650328j),(0.9979735005785981-0.06303786281699966j)
58543,75000,250,44100,0.2078728551619259,-2.9053103877213298,442.6606353542365,-0.1735338393702398,0.0429461908457515,(-0.20209710274568987-0.048660918353120905j),(2781.3188001245194-1.0903452698295533j),(0.9979871693072713-0.0630250930626704j)
59005,75500,250,44100,0.2080242326931419,-3.027333263503183,442.68056161896806,0.0956406744789132,0.0434212435012806,(-0.20666780951921784-0.0237170380970883j),(2781.4440005383076+0.6009280806546531j),(0.9980252647771554-0.06303034358175472j)
59108,75750,250,44100,0.2106955728885703,0.0550108106282223,442.69324101857177,-0.0546653020059824,0.0443066437779608,(0.210376850934175+0.011584689286415019j),(2781.5236675556016-0.3434722223765238j),(0.998003778458014-0.06303079670535115j)
59372,76000,250,44100,0.2104910155318218,3.1359844042492617,442.7913834116748,0.0142808975015921,0.0443289224742603,(-0.21048770531030483+0.0011804799108550848j),(2782.140314397958+0.08972952535534115j),(0.9980127006049138-0.06304537101005978j)
59477,76250,250,44100,0.2137096815208829,-0.0741659431828802,443.1156175532646,-0.3707180631919415,0.0450764048986663,(0.21312218653057213-0.015835453393737202j),(2784.177537592481-2.3292902877536807j),(0.9979550447389148-0.06308801401035968j)
59647,76500,250,44100,0.2115192881170547,2.996989010674884,443.12101178907136,-0.0755490137415277,0.0446207097925242,(-0.2093116821932356+0.030479976098802666j),(2784.2114305756454-0.47468845311267605j),(0.997996965596758-0.0630914342076837j)
60484,77500,250,44100,0.2199287478305111,2.6907003623810097,443.0131566073647,0.1683756797307348,0.0486587347079545,(-0.19794876703479056+0.09583809134004476j),(2783.5337564826427+1.0579355969705289j),(0.9980326193938117-0.06307829036659564j)
60555,77750,250,44100,0.2223268665353578,-0.5259770433482391,442.644846047045,-0.1759035979378911,0.0491220571597826,(0.19227579368427958-0.1116210318287336j),(2781.219592981563-1.1052349020433827j),(0.9979869741319095-0.06302282671687276j)
60725,78000,250,44100,0.2207966744541463,2.557720773680247,442.40499409193626,-0.0172837771708598,0.0487212910455381,(-0.18421828352512587+0.1217160444028092j),(2779.7125587013256-0.10859717477251273j),(0.9980116815404558-0.06299014588790836j)
60941,78250,250,44100,0.2207537622046602,-0.6396206147968434,442.29217247018494,-0.2004723989591235,0.0483872779321064,(0.1771156590001222-0.13176595487630377j),(2779.0036795452056-1.259605231635009j),(0.9979866461902172-0.06297245988355375j)
61510,79000,250,44100,0.2179616339054578,2.369993809789368,441.966874501971,-0.206212099626405,0.0471614180164788,(-0.15623418884139756+0.15198076224248697j),(2776.9597721308683-1.295668834535281j),(0.9979887475853139-0.0629261545630941j)
61695,79250,250,44100,0.2167513601676615,-0.8136082582595447,441.4933603033157,-0.4147111812997573,0.0462966855523895,(0.1488822902288155-0.15752846025640607j),(2773.984594675136-2.6057072010657247j),(0.9979633445610635-0.06285695850445042j)
61900,79500,250,44100,0.2144760412656338,2.3094917524504583,442.1518694487819,-0.0927945442001567,0.0458488717040543,(-0.14441185549456267+0.15857234396197661j),(2778.122129662573-0.5830453167048517j),(0.9980032155408437-0.0629534761172528j)
62080,79750,250,44100,0.2142179724670851,-0.8737112573589151,442.60528423902616,-0.1886695524704685,0.0455835558291688,(0.1375248303697402-0.16424451515859834j),(2780.9710188106937-1.185445759994596j),(0.9979855141727403-0.06301708684186184j)
62545,80250,250,44100,0.2141388179078568,-0.986417146641707,442.5044456793372,0.0020984111756773,0.0458588471785355,(0.11813646515939384-0.17860349642327167j),(2780.337431454059+0.013184706267437658j),(0.9980135449090473-0.06300446114457547j)
62658,80500,250,44100,0.2145877098555161,2.101692660198292,442.7746070598503,-0.0276107250077963,0.0460028093632663,(-0.10864715249659335+0.1850504835860127j),(2782.034905470666-0.17348330168956175j),(0.9980068946280231-0.06304260926110139j)
62824,80750,250,44100,0.2143687210595709,-1.1039345268785568,442.765884487828,-0.1139562968856841,0.0457686680630176,(0.0964843902449147-0.1914280831220517j),(2781.9800999342947-0.7160085302527256j),(0.9979946954085074-0.06304059344187123j)
63004,81000,250,44100,0.2137542482637984,1.9724986543604413,443.3220366186427,-0.4453173032609695,0.0449765985987564,(-0.08357485969071016+0.19673871372584423j),(2785.4745068311863-2.7980111368821596j),(0.9979425821260683-0.06311669272972979j)
63175,81250,250,44100,0.2106873819902983,-1.2486857922582637,443.2683722078037,-0.1175952982363849,0.0442045021535768,(0.06669714706295192-0.19985160370532146j),(2785.137323393484-0.7388730500722552j),(0.9979896621978368-0.0631120093627557j)
63360,81500,250,44100,0.2096824562273508,1.816007980905088,443.485341641815,-0.4245594128533956,0.043311123837176,(-0.05090285965921834+0.20341000793483302j),(2786.5005825533713-2.6675854648652475j),(0.9979440647318378-0.06314009860228671j)
63505,81750,250,44100,0.2074076121718211,-1.412157649841642,443.5032079878755,-0.3823182519865272,0.0424397029550787,(0.032765035875269084-0.20480324707120467j),(2786.6128401164315-2.4021764235483305j),(0.997949909993418-0.06314301890699056j)
64447,83250,250,44100,0.1855610500363469,-2.009608652148404,443.2770697785009,-0.2998750338090484,0.034069177826492,(-0.07883832395241251-0.1679804213798921j),(2785.191971841897-1.8841704064189948j),(0.9979636660754454-0.06311160700650115j)
64723,83750,250,44100,0.1810090185148442,-2.146192844574974,442.0121722264748,-0.3854107783774411,0.0323203421779594,(-0.09849922555169939-0.15186233025152304j),(2777.244386127919-2.4216073399297855j),(0.9979628616502092-0.06293098867150218j)
64837,84000,250,44100,0.1787087145337827,0.9547939778957668,441.233720730386,-0.3965625687820261,0.0314916899738818,(0.10325377142493258+0.14586110974774877j),(2772.353231125342-2.4916761055486205j),(0.9979682495883662-0.06282020386786956j)
65020,84250,250,44100,0.0004077319032811,0.7522078918120509,442.0115310791369,-104.552130933171,2.2641510493437185e-08,(0.0002977185382094011+0.0002785838777814327j),(2777.240357680386-656.9204129136162j),(0.983261223405957-0.06200382128102742j)
65161,84500,250,44100,0.1728385292843573,0.9374385235539642,441.0760618073414,-0.728350421841873,0.0291144082105863,(0.1022952836223298+0.13931558474846503j),(2771.362630896522-4.57636066899491j),(0.997922485775029-0.0627948184085046j)
65287,84750,250,44100,0.168246935903368,-2.2034183932583904,440.77528379935336,-0.6453049189912581,0.027668791891531,(-0.09947792426751652-0.13568778141121723j),(2769.4727869360095-4.054570385656586j),(0.9979369833428263-0.06275279626067319j)
65397,85000,250,44100,0.164094189352494,0.9409484270752796,440.015149246044,-0.8991406402694521,0.0260859925264933,(0.09665506297310031+0.13260732174702186j),(2764.6967206791765-5.649467260029067j),(0.997907683224794-0.06264245296289897j)
65539,85250,250,44100,0.158771464096996,-2.165931522326608,440.1498409049126,-0.7322221067873926,0.0245647647340542,(-0.0890105711445513-0.13147431702056664j),(2765.5430133311793-4.6006871829586276j),(0.9979302132685572-0.06266309333599096j)
65637,85500,250,44100,0.1545261931445632,1.0042381413770178,440.4506787354813,-0.5985237814558748,0.023378438802864,(0.08293902770894143+0.1303819851453655j),(2767.433233168052-3.7606358296411186j),(0.9979465359648378-0.06270706117263036j)
65770,85750,250,44100,0.1514994188284417,-2.115481641063766,440.6064875241683,-0.533012579928922,0.0225234943172503,(-0.07849926759181089-0.1295759965923661j),(2768.41220865986-3.349016810751288j),(0.9979544583140015-0.0627298000655473j)
65876,86000,250,44100,0.1485698168818152,1.0360930293453656,440.66918755132383,-0.8416908433345144,0.0214268384724013,(0.0757090649942698+0.12783242141956608j),(2768.8061645492435-5.288499540027016j),(0.997910009644631-0.06273595589201474j)
65979,86250,250,44100,0.1444538949730056,-2.093468347303823,440.66862110075033,-1.079015822254912,0.0200881880282876,(-0.07211097873613938-0.12516762568087725j),(2768.8026054353227-6.779656360606364j),(0.9978762728672351-0.06273375409785885j)
66086,86500,250,44100,0.139470800648951,1.066127159979658,440.90969982406045,-1.5489369051926334,0.0184213748211085,(0.06743662544640074+0.1220836016099677j),(2770.3173477274986-9.732257604454574j),(0.9978073096663209-0.0627638266829846j)
66198,86750,250,44100,0.1330988114794976,-2.0344484849774487,441.60738770624175,-2.737373287663249,0.0161012973051907,(-0.0595241396052326-0.11904692529213692j),(2774.701049977817-17.199423621311606j),(0.9976321289229979-0.06285236880674444j)
66285,87000,250,44100,0.1217870946316847,1.079337957966649,441.478485654267,-3.083172898974798,0.0133220768571733,(0.05747281015452657+0.1073730530057178j),(2773.891134498784-19.372146658332742j),(0.9975841327838952-0.06283095121515501j)
66588,87750,250,44100,0.0838139056413583,-2.1060572641759285,441.3888761202479,-3.722991433551797,0.0061736672045866,(-0.04275058154644662-0.07209132094988362j),(2773.3281011912522-23.392245074048116j),(0.9974940004823516-0.06281248869325896j)
66667,88000,250,44100,0.0719546128707885,1.02417770846034,440.59460560430017,-3.320587473166848,0.0046128386746381,(0.03740211825677273+0.0614698939586806j),(2768.3375523555233-20.863866422606527j),(0.9975582934509373-0.06270320235867229j)
66846,88500,250,44100,0.0554696018578604,0.9873649889305584,440.544446615533,-4.662279724318125,0.0026198202944831,(0.030557698384612326+0.04629366911041526j),(2768.0223941342783-29.293967461796935j),(0.997368067669719-0.06268408960385581j)
66929,88750,250,44100,0.0470806845982889,-2.131719477804883,440.68636151111775,-4.876992098828391,0.0018738142803073,(-0.02504542308012757-0.03986624693874474j),(2768.9140717210867-30.64304509858948j),(0.9973362897183871-0.06270233764401993j)
66995,89000,250,44100,0.0390801037272086,1.0140657766584518,439.17060940692863,-4.109126891081869,0.0013248007025175,(0.02065044679940481+0.03317851042940807j),(2759.390320370719-25.81840570738213j),(0.9974589258234564-0.06249378994028407j)
67084,89250,250,44100,0.0338409277067653,-2.066084891861497,438.7281666942926,-4.031087043988405,0.0009960193563772,(-0.016084104266516547-0.029774317422878796j),(2756.6103708194155-25.32806688674994j),(0.9974739539338539-0.06243160675441236j)
67306,90000,250,44100,0.0222305130748001,1.1943649659764757,441.00867852567774,-3.4779956284688374,0.0004379483638055,(0.008172026541484936+0.020673985918881848j),(2770.939249251224-21.85289103123023j),(0.9975322207466107-0.06276064605441613j)
67394,90250,250,44100,0.0198673036813136,-1.9366011310554057,441.09419420369136,-3.61831696647504,0.0003481217642249,(-0.007106553710253016-0.018552807063321387j),(2771.4765601028525-22.73455600047458j),(0.9975115131504573-0.0627715449355079j)
67478,90500,250,44100,0.0174788203005584,1.1986158127836009,441.44328453173154,-3.118976858036549,0.000274070545928,(0.006356129716325998+0.01628216122412657j),(2773.669959322873-19.597109567848396j),(0.9975793590234852-0.06282562753368306j)
67687,91250,250,44100,0.0132923159663248,-1.9867889015815587,441.6396365919258,-2.775254745113169,0.0001603796798756,(-0.005371399001995873-0.01215868975301086j),(2774.90367570252-17.43743983817549j),(0.9976264557282859-0.06285661336389094j)
67778,91500,250,44100,0.0120171472743714,1.1364345023616471,442.0360828576358,-2.681784025525408,0.0001315055591854,(0.00505719499392203+0.010901220454948244j),(2777.3946210543154-16.85014598621017j),(0.9976361894953636-0.06291380105554668j)
67849,91750,250,44100,0.0109984458741609,-2.044303842254931,441.31918764639056,-3.216054646064745,0.0001081587102911,(-0.005015408811388066-0.009788334184195911j),(2772.890235596232-20.20706729924065j),(0.9975666719950018-0.06280712080619287j)
67919,92000,250,44100,0.0096926220486064,1.0830234262837506,442.40955929440696,-3.5084320688880406,8.31681531670658e-05,(0.004542541143706389+0.008562256836539505j),(2779.7412427144136-22.044128826475013j),(0.9975153486813741-0.06295947092159122j)
67996,92250,250,44100,0.0081866236040614,-2.11612484516918,443.4117674615932,-7.608389586518651,5.179504948242592e-05,(-0.004246393374894967-0.006999210622650542j),(2786.0383023452137-47.80492166131216j),(0.9969238303456762-0.06306505606597033j)
68062,92500,250,44100,0.0075853099745637,0.9919454255792204,442.6091497602816,-3.716379022780712,5.057723580168965e-05,(0.004149637856492414+0.006349601016613677j),(2780.9953065970503-23.3506980718462j),(0.9974840045948703-0.06298597092378529j)
68132,92750,250,44100,0.0066702514400064,-2.205259637197134,441.0742537389732,-3.607267689523612,3.925551156421838e-05,(-0.003953760560036748-0.005372153358459282j),(2771.351270467917-22.665131345878414j),(0.9975132618217852-0.06276880978437434j)
68191,93000,250,44100,0.0058485588281907,0.9354751220286552,439.2202721679356,-3.4178183644540248,3.037461331411173e-05,(0.003470745804868933+0.004707394600497414j),(2759.702360700992-21.474786130146093j),(0.9975567328957498-0.06250700401328739j)
68249,93250,250,44100,0.0053561201086503,-2.142704126853231,437.5044765545087,-3.278891767371348,2.559580359390156e-05,(-0.0028989316884944485-0.004503800360110477j),(2748.921698912585-20.601884576579756j),(0.9975917293383219-0.062264372405984966j)
68316,93500,250,44100,0.0047596586128899,1.1277610902443849,437.9628805014577,-2.780212231391826,2.056012658655567e-05,(0.002040387751488838+0.004300135804231298j),(2751.8019358568076-17.468588643122093j),(0.9976585415475983-0.062333955138085054j)
68376,93750,250,44100,0.0046545976544769,-1.894737999319877,440.664153283755,-3.677134414007208,1.907000265889332e-05,(-0.0014815848828068378-0.004412503321256574j),(2768.7745333132225-23.104116922614505j),(0.9975069981090525-0.06270990132435306j)
68472,94000,250,44100,0.0041483650041945,1.3384610706387154,440.4461488663392,0.2162820537498524,1.734165450520945e-05,(0.0009551637813111166+0.004036904056191792j),(2767.404771160815+1.3589402223276985j),(0.998062434938103-0.06271369712147705j)
68505,94250,250,44100,0.0042078267458386,-1.7797844247977388,439.4662670463476,-0.3189870998781885,1.750694356254553e-05,(-0.0008729983276967483-0.004116270137252114j),(2761.2479921066715-2.0042550591344614j),(0.9979950677077978-0.06256958558891067j)
68549,94500,250,44100,0.0041067494678501,1.418384894322676,441.6736599724608,-0.793241935491387,1.6399572576063114e-05,(0.0006234951245075804+0.004059143385174151j),(2775.1174509071984-4.98408607411818j),(0.9979079094248073-0.0628792032545215j)
68762,94750,53,44100,0.0179077453358464,-2.9375966178828548,646.3680091719572,-958.2375481453922,2.5322426101702536e-05,(-0.017536425822800704-0.0036278247442423925j),(4061.2499782601612-6020.78408329492j),(0.8686871963127409-0.08022592354111195j)
